pl_name,hostname,default_flag,sy_snum,sy_pnum,discoverymethod,disc_year,disc_facility,soltype,pl_controv_flag,pl_refname,pl_orbper,pl_orbpererr1,pl_orbpererr2,pl_orbperlim,pl_orbsmax,pl_orbsmaxerr1,pl_orbsmaxerr2,pl_orbsmaxlim,pl_rade,pl_radeerr1,pl_radeerr2,pl_radelim,pl_radj,pl_radjerr1,pl_radjerr2,pl_radjlim,pl_masse,pl_masseerr1,pl_masseerr2,pl_masselim,pl_massj,pl_massjerr1,pl_massjerr2,pl_massjlim,pl_msinie,pl_msinieerr1,pl_msinieerr2,pl_msinielim,pl_msinij,pl_msinijerr1,pl_msinijerr2,pl_msinijlim,pl_cmasse,pl_cmasseerr1,pl_cmasseerr2,pl_cmasselim,pl_cmassj,pl_cmassjerr1,pl_cmassjerr2,pl_cmassjlim,pl_bmasse,pl_bmasseerr1,pl_bmasseerr2,pl_bmasselim,pl_bmassj,pl_bmassjerr1,pl_bmassjerr2,pl_bmassjlim,pl_bmassprov,pl_dens,pl_denserr1,pl_denserr2,pl_denslim,pl_orbeccen,pl_orbeccenerr1,pl_orbeccenerr2,pl_orbeccenlim,pl_insol,pl_insolerr1,pl_insolerr2,pl_insollim,pl_eqt,pl_eqterr1,pl_eqterr2,pl_eqtlim,pl_orbincl,pl_orbinclerr1,pl_orbinclerr2,pl_orbincllim,pl_tranmid,pl_tranmiderr1,pl_tranmiderr2,pl_tranmidlim,pl_tsystemref,ttv_flag,pl_rvamp,pl_rvamperr1,pl_rvamperr2,pl_rvamplim,st_refname,st_spectype,st_teff,st_tefferr1,st_tefferr2,st_tefflim,st_rad,st_raderr1,st_raderr2,st_radlim,st_mass,st_masserr1,st_masserr2,st_masslim,st_met,st_meterr1,st_meterr2,st_metlim,st_metratio,st_lum,st_lumerr1,st_lumerr2,st_lumlim,st_logg,st_loggerr1,st_loggerr2,st_logglim,st_age,st_ageerr1,st_ageerr2,st_agelim,st_dens,st_denserr1,st_denserr2,st_denslim,st_vsin,st_vsinerr1,st_vsinerr2,st_vsinlim,st_rotp,st_rotperr1,st_rotperr2,st_rotplim,st_radv,st_radverr1,st_radverr2,st_radvlim,sy_refname,rastr,ra,decstr,dec,sy_dist,sy_disterr1,sy_disterr2,sy_vmag,sy_vmagerr1,sy_vmagerr2,sy_kmag,sy_kmagerr1,sy_kmagerr2,sy_gaiamag,sy_gaiamagerr1,sy_gaiamagerr2,rowupdate,pl_pubdate,releasedate
55 Cnc f,55 Cnc,1,2,5,Radial Velocity,2007,Multiple Observatories,Published Confirmed,0,<a refstr=BOURRIER_ET_AL__2018 href=https://ui.adsabs.harvard.edu/abs/2018A&A...619A...1B/abstract target=ref>Bourrier et al. 2018</a>,259.88,0.29,-0.29,0.0,0.7708,0.0043,-0.0044,0.0,,,,,,,,,,,,,,,,,47.8,2.4,-2.4,0.0,0.1503,0.0076,-0.0076,0.0,,,,,,,,,47.8,2.4,-2.4,0.0,0.1503,0.0076,-0.0076,0.0,Msini,,,,,0.08,0.05,-0.04,0.0,,,,,,,,,,,,,,,,,,0.0,5.14,0.26,-0.25,0.0,<a refstr=BOURRIER_ET_AL__2018 href=https://ui.adsabs.harvard.edu/abs/2018A&A...619A...1B/abstract target=ref>Bourrier et al. 2018</a>,,5172.0,18.0,-18.0,0.0,0.94,0.01,-0.01,0.0,0.91,0.01,-0.01,0.0,0.35,0.1,-0.1,0.0,[Fe/H],,,,,4.43,0.02,-0.02,0.0,,,,,,,,,1.23,0.01,-0.01,1.0,38.8,0.05,-0.05,0.0,,,,,<a refstr=STASSUN_ET_AL__2019 href=https://ui.adsabs.harvard.edu/abs/2019AJ....158..138S/abstract target=ref>TICv8</a>,08h52m35.24s,133.1468373,+28d19m47.34s,28.3298154,12.5855,0.0124,-0.0123,5.95084,0.023,-0.023,4.015,0.036,-0.036,5.72973,0.0008523,-0.0008523,2021-02-05,2018-10,2021-02-11
BD+14 4559 b,BD+14 4559,1,1,1,Radial Velocity,2009,McDonald Observatory,Published Confirmed,0,<a refstr=STASSUN_ET_AL__2017 href=https://ui.adsabs.harvard.edu/abs/2017AJ....153..136S/abstract target=ref>Stassun et al. 2017</a>,268.94,0.99,-0.99,0.0,0.78,0.05,-0.05,0.0,,,,,,,,,,,,,,,,,330.5432,149.3801,-149.3801,0.0,1.04,0.47,-0.47,0.0,,,,,,,,,330.5432,149.3801,-149.3801,0.0,1.04,0.47,-0.47,0.0,Msini,,,,,0.29,0.03,-0.03,0.0,,,,,,,,,,,,,,,,,,0.0,55.2,2.3,-2.3,0.0,<a refstr=STASSUN_ET_AL__2017 href=https://ui.adsabs.harvard.edu/abs/2017AJ....153..136S/abstract target=ref>Stassun et al. 2017</a>,,4864.0,101.0,-101.0,0.0,0.86,0.04,-0.04,0.0,0.49,0.33,-0.33,0.0,0.17,,,0.0,[Fe/H],,,,,4.26,0.29,-0.29,0.0,,,,,,,,,,,,,,,,,,,,,<a refstr=STASSUN_ET_AL__2019 href=https://ui.adsabs.harvard.edu/abs/2019AJ....158..138S/abstract target=ref>TICv8</a>,21h13m36.24s,318.4010002,+14d41m21.78s,14.6893834,49.352,0.0846,-0.0844,9.78,0.03,-0.03,7.336,0.023,-0.023,9.35108,0.000253,-0.000253,2018-09-04,2017-03,2018-09-06
BD+15 2940 b,BD+15 2940,1,1,1,Radial Velocity,2013,McDonald Observatory,Published Confirmed,0,<a refstr=NOWAK_ET_AL__2013 href=https://ui.adsabs.harvard.edu/abs/2013ApJ...770...53N/abstract target=ref> Nowak et al. 2013 </a>,137.48,0.34,-0.34,0.0,0.539,,,0.0,,,,,,,,,,,,,,,,,352.78,,,0.0,1.11,,,0.0,,,,,,,,,352.78,,,0.0,1.11,,,0.0,Msini,,,,,0.26,0.1,-0.1,0.0,,,,,,,,,,,,,,,,,,0.0,42.7,4.4,-4.4,0.0,<a refstr=NOWAK_ET_AL__2013 href=https://ui.adsabs.harvard.edu/abs/2013ApJ...770...53N/abstract target=ref> Nowak et al. 2013 </a>,K0,4796.0,117.0,-117.0,0.0,14.7,2.8,-2.8,0.0,1.1,0.2,-0.2,0.0,0.28,0.07,-0.07,0.0,[Fe/H],2.01,0.75,-0.75,0.0,2.8,0.45,-0.45,0.0,7.1,4.2,-4.2,0.0,,,,,2.3,0.8,-0.8,0.0,,,,,,,,,<a refstr=STASSUN_ET_AL__2019 href=https://ui.adsabs.harvard.edu/abs/2019AJ....158..138S/abstract target=ref>TICv8</a>,16h00m22.95s,240.09564,+15d32m48.30s,15.5467507,426.42,6.44,-6.44,9.01,0.03,-0.03,6.525,0.016,-0.016,8.7178,0.000291,-0.000291,2014-05-14,2013-06,2014-05-14
BD+45 564 b,BD+45 564,1,1,1,Radial Velocity,2021,Haute-Provence Observatory,Published Confirmed,0,<a refstr=DALAL_ET_AL__2021 href=https://ui.adsabs.harvard.edu/abs/2021A&A...651A..11D/abstract target=ref>Dalal et al. 2021</a>,307.88,1.47,-1.47,0.0,0.83,0.04,-0.04,0.0,,,,,,,,,,,,,,,,,432.24663,38.13941,-38.13941,0.0,1.36,0.12,-0.12,0.0,,,,,,,,,432.24663,38.13941,-38.13941,0.0,1.36,0.12,-0.12,0.0,Msini,,,,,0.12,0.06,-0.06,0.0,,,,,,,,,2.579,,,-1.0,,,,,,0.0,47.68,2.78,-2.78,0.0,<a refstr=DALAL_ET_AL__2021 href=https://ui.adsabs.harvard.edu/abs/2021A&A...651A..11D/abstract target=ref>Dalal et al. 2021</a>,K1,5004.0,50.0,-50.0,0.0,,,,,0.81,0.07,-0.07,0.0,-0.09,0.03,-0.03,0.0,[Fe/H],,,,,4.22,0.13,-0.13,0.0,,,,,,,,,2.0,1.0,-1.0,0.0,,,,,-6.82,0.0,0.0,0.0,<a refstr=STASSUN_ET_AL__2019 href=https://ui.adsabs.harvard.edu/abs/2019AJ....158..138S/abstract target=ref>TICv8</a>,02h11m47.29s,32.9470485,+45d55m27.19s,45.9242187,53.622,0.1919,-0.1905,9.67,0.03,-0.03,7.557,0.024,-0.024,9.41266,0.000255,-0.000255,2021-05-28,2021-07,2021-05-28
BD+48 738 b,BD+48 738,1,1,1,Radial Velocity,2011,McDonald Observatory,Published Confirmed,0,<a refstr=GETTEL_ET_AL__2012 href=https://ui.adsabs.harvard.edu/abs/2012ApJ...745...28G/abstract target=ref> Gettel et al. 2012 </a>,392.6,5.5,-5.5,0.0,1.0,,,0.0,,,,,,,,,,,,,,,,,289.2253,,,0.0,0.91,,,0.0,,,,,,,,,289.2253,,,0.0,0.91,,,0.0,Msini,,,,,0.2,0.1,-0.1,0.0,,,,,,,,,,,,,,,,,,0.0,31.9,2.6,-2.6,0.0,<a refstr=GETTEL_ET_AL__2012 href=https://ui.adsabs.harvard.edu/abs/2012ApJ...745...28G/abstract target=ref> Gettel et al. 2012 </a>,K0 III,4414.0,15.0,-15.0,0.0,11.0,1.0,-1.0,0.0,0.74,0.39,-0.39,0.0,-0.2,0.07,-0.07,0.0,[Fe/H],1.69,0.33,-0.33,0.0,2.24,0.06,-0.06,0.0,,,,,,,,,1.0,,,1.0,,,,,,,,,<a refstr=STASSUN_ET_AL__2019 href=https://ui.adsabs.harvard.edu/abs/2019AJ....158..138S/abstract target=ref>TICv8</a>,02h42m50.47s,40.7102869,+49d35m12.98s,49.5869395,871.493,43.849,-43.849,9.139,0.004,-0.004,5.904,0.018,-0.018,8.65569,0.000365,-0.000365,2015-08-12,2012-01,2015-08-13
BD+55 362 b,BD+55 362,1,1,1,Radial Velocity,2021,Haute-Provence Observatory,Published Confirmed,0,<a refstr=DALAL_ET_AL__2021 href=https://ui.adsabs.harvard.edu/abs/2021A&A...651A..11D/abstract target=ref>Dalal et al. 2021</a>,265.59,1.04,-1.04,0.0,0.78,0.05,-0.05,0.0,,,,,,,,,,,,,,,,,228.83645,25.42627,-25.42627,0.0,0.72,0.08,-0.08,0.0,,,,,,,,,228.83645,25.42627,-25.42627,0.0,0.72,0.08,-0.08,0.0,Msini,,,,,0.27,0.06,-0.06,0.0,,,,,,,,,0.601,,,-1.0,,,,,BJD,0.0,25.12,1.74,-1.74,0.0,<a refstr=DALAL_ET_AL__2021 href=https://ui.adsabs.harvard.edu/abs/2021A&A...651A..11D/abstract target=ref>Dalal et al. 2021</a>,K3,5012.0,78.0,-78.0,0.0,,,,,0.91,0.1,-0.1,0.0,0.18,0.05,-0.05,0.0,[Fe/H],,,,,4.09,0.16,-0.16,0.0,,,,,,,,,2.0,1.0,-1.0,0.0,,,,,-25.65,0.0,0.0,0.0,<a refstr=STASSUN_ET_AL__2019 href=https://ui.adsabs.harvard.edu/abs/2019AJ....158..138S/abstract target=ref>TICv8</a>,01h35m51.28s,23.9636676,+56d41m53.62s,56.6982282,52.5697,0.0974,-0.0971,9.38,0.03,-0.03,7.331,0.021,-0.021,9.15305,0.000163,-0.000163,2021-05-28,2021-07,2021-05-28
BD-08 2823 c,BD-08 2823,1,1,2,Radial Velocity,2009,La Silla Observatory,Published Confirmed,0,<a refstr=HEBRARD_ET_AL__2010 href=https://ui.adsabs.harvard.edu/abs/2010A%26A...512A..46H/abstract target=ref> H&eacute;brard et al. 2010 </a>,237.6,1.5,-1.5,0.0,0.68,0.02,-0.02,0.0,,,,,,,,,,,,,,,,,104.0,10.0,-10.0,0.0,0.33,0.03,-0.03,0.0,,,,,,,,,104.0,10.0,-10.0,0.0,0.33,0.03,-0.03,0.0,Msini,,,,,0.19,0.09,-0.09,0.0,,,,,,,,,,,,,,,,,,0.0,13.4,1.0,-1.0,0.0,<a refstr=HEBRARD_ET_AL__2010 href=https://ui.adsabs.harvard.edu/abs/2010A%26A...512A..46H/abstract target=ref> H&eacute;brard et al. 2010 </a>,K3 V,4746.0,63.0,-63.0,0.0,,,,,0.74,0.07,-0.07,0.0,-0.07,0.03,-0.03,0.0,[Fe/H],,,,,4.13,0.26,-0.26,0.0,4.5,4.0,-4.0,0.0,,,,,1.4,,,0.0,,,,,53.34,0.0,0.0,0.0,<a refstr=STASSUN_ET_AL__2019 href=https://ui.adsabs.harvard.edu/abs/2019AJ....158..138S/abstract target=ref>TICv8</a>,10h00m47.33s,150.1971964,-09d30m59.65s,-9.5165689,41.3342,0.0685,-0.0682,9.86,0.03,-0.03,7.323,0.021,-0.021,9.50331,0.000418,-0.000418,2014-05-14,2010-03,2014-05-14
GJ 1148 c,GJ 1148,1,1,2,Radial Velocity,2017,Calar Alto Observatory,Published Confirmed,0,<a refstr=TRIFONOV_ET_AL__2018 href=https://ui.adsabs.harvard.edu/abs/2018A&A...609A.117T/abstract target=ref>Trifonov et al. 2018</a>,532.58,4.14,-2.52,0.0,0.912,0.005,-0.002,0.0,,,,,,,,,,,,,,,,,68.06,4.91,-2.19,0.0,0.21414,0.01545,-0.00689,0.0,,,,,,,,,68.06,4.91,-2.19,0.0,0.21414,0.01545,-0.00689,0.0,Msini,,,,,0.342,0.05,-0.062,0.0,,,,,,,,,,,,,,,,,,0.0,11.34,0.79,-0.36,0.0,<a refstr=STASSUN_ET_AL__2019 href=https://ui.adsabs.harvard.edu/abs/2019AJ....158..138S/abstract target=ref>TICv8</a>,,3287.0,157.0,-157.0,0.0,0.36,0.01,-0.01,0.0,0.34,0.02,-0.02,0.0,,,,,,-1.869,0.097,-0.126,0.0,4.87,0.0,0.0,0.0,,,,,10.5255,0.314,-0.314,0.0,,,,,,,,,,,,,<a refstr=STASSUN_ET_AL__2019 href=https://ui.adsabs.harvard.edu/abs/2019AJ....158..138S/abstract target=ref>TICv8</a>,11h41m43.83s,175.4326081,+42d45m05.71s,42.7515862,11.0143,0.0064,-0.0065,11.939,0.048,-0.048,6.822,0.016,-0.016,10.5769,0.000593,-0.000593,2017-10-16,2018-02,2017-10-19
GJ 1151 c,GJ 1151,1,1,1,Radial Velocity,2023,Multiple Facilities,Published Confirmed,0,<a refstr=BLANCO_POZO_ET_AL__2023 href=https://ui.adsabs.harvard.edu/abs/2023arXiv230104442B/abstract target=ref>Blanco-Pozo et al. 2023</a>,389.7,5.4,-6.5,0.0,0.5714,0.0053,-0.0064,0.0,,,,,,,,,,,,,,,,,10.62,1.31,-1.47,0.0,0.03341,0.00412,-0.00463,0.0,,,,,,,,,10.62,1.31,-1.47,0.0,0.03341,0.00412,-0.00463,0.0,Msini,,,,,,,,,,,,,,,,,,,,,2457798.67,22.0,-20.0,0.0,BJD,0.0,3.1,0.38,-0.43,0.0,<a refstr=BLANCO_POZO_ET_AL__2023 href=https://ui.adsabs.harvard.edu/abs/2023arXiv230104442B/abstract target=ref>Blanco-Pozo et al. 2023</a>,M 4.5V,3280.0,40.0,-40.0,0.0,0.18,0.0,0.0,0.0,0.16,0.01,-0.01,0.0,-0.12,0.1,-0.1,0.0,[Fe/H],-2.48,0.002,-0.002,0.0,5.09,0.09,-0.09,0.0,,,,,,,,,2.0,,,1.0,140.0,10.0,-10.0,0.0,,,,,<a refstr=STASSUN_ET_AL__2019 href=https://ui.adsabs.harvard.edu/abs/2019AJ....158..138S/abstract target=ref>TICv8</a>,11h50m55.32s,177.7304866,+48d22m23.64s,48.3732334,8.03625,0.00772,-0.00771,13.76,0.2,-0.2,7.637,0.017,-0.017,11.6938,0.000459,-0.000459,2023-01-23,2023-01,2023-01-23
GJ 3138 d,GJ 3138,1,1,3,Radial Velocity,2017,La Silla Observatory,Published Confirmed,0,<a refstr=ASTUDILLO_DEFRU_ET_AL__2017 href=https://ui.adsabs.harvard.edu/abs/2017A&A...602A..88A/abstract target=ref>Astudillo-Defru et al. 2017</a>,257.8,3.6,-3.5,0.0,0.698,0.018,-0.019,0.0,,,,,,,,,,,,,,,,,10.5,2.3,-2.1,0.0,0.03304,0.00724,-0.00661,0.0,,,,,,,,,10.5,2.3,-2.1,0.0,0.03304,0.00724,-0.00661,0.0,Msini,,,,,0.32,0.2,-0.21,0.0,0.1,,,0.0,,,,,,,,,,,,,,0.0,1.47,0.35,-0.3,0.0,<a refstr=ASTUDILLO_DEFRU_ET_AL__2017 href=https://ui.adsabs.harvard.edu/abs/2017A&A...602A..88A/abstract target=ref>Astudillo-Defru et al. 2017</a>,M0,3717.0,49.0,-49.0,0.0,0.5,0.03,-0.03,0.0,0.68,,,0.0,-0.3,0.12,-0.12,0.0,[Fe/H],-1.347,0.063,-0.073,0.0,,,,,,,,,,,,,,,,,42.5,,,0.0,13.6,0.0,0.0,0.0,<a refstr=STASSUN_ET_AL__2019 href=https://ui.adsabs.harvard.edu/abs/2019AJ....158..138S/abstract target=ref>TICv8</a>,02h09m11.46s,32.2977385,-16d20m21.30s,-16.3392495,28.4712,0.03505,-0.03505,10.8275,0.0459,-0.0459,,,,10.1924,0.000629,-0.000629,2017-03-29,2017-06,2017-03-30
GJ 317 b,GJ 317,1,1,2,Radial Velocity,2007,W. M. Keck Observatory,Published Confirmed,0,<a refstr=FENG_ET_AL__2020 href=https://ui.adsabs.harvard.edu/abs/2020arXiv200807998F/abstract target=ref>Feng et al. 2020</a>,695.66,0.355,-0.355,0.0,1.151,0.018,-0.018,0.0,,,,,,,,,,,,,,,,,557.1,18.3,-18.3,0.0,1.75282,0.05758,-0.05758,0.0,,,,,,,,,557.1,18.3,-18.3,0.0,1.75282,0.05758,-0.05758,0.0,Msini,,,,,0.07,0.01,-0.01,0.0,,,,,,,,,,,,,,,,,JD,0.0,71.81,0.58,-0.58,0.0,<a refstr=FENG_ET_AL__2020 href=https://ui.adsabs.harvard.edu/abs/2020arXiv200807998F/abstract target=ref>Feng et al. 2020</a>,,,,,,,,,,0.42,0.02,-0.02,0.0,,,,,,,,,,,,,,,,,,,,,,,,,,,,,,,,,,<a refstr=STASSUN_ET_AL__2019 href=https://ui.adsabs.harvard.edu/abs/2019AJ....158..138S/abstract target=ref>TICv8</a>,08h40m58.69s,130.2445254,-23d27m10.11s,-23.452809,15.1968,0.013,-0.0129,12.4,0.2,-0.2,7.028,0.02,-0.02,10.7539,0.000818,-0.000818,2020-09-08,2020-08,2020-09-03
GJ 328 c,GJ 328,1,1,2,Radial Velocity,2023,Roque de los Muchachos Observatory,Published Confirmed,0,<a refstr=PINAMONTI_ET_AL__2023 href=https://ui.adsabs.harvard.edu/abs/2023arXiv230604419P/abstract target=ref>Pinamonti et al. 2023</a>,241.8,1.3,-1.7,0.0,0.657,0.026,-0.028,0.0,,,,,,,,,,,,,,,,,21.4,3.4,-3.2,0.0,0.06733,0.0107,-0.01007,0.0,,,,,,,,,21.4,3.4,-3.2,0.0,0.06733,0.0107,-0.01007,0.0,Msini,,,,,,,,,,,,,,,,,,,,,2458478.8,5.4,-5.3,0.0,BJD,0.0,2.95,0.39,-0.38,0.0,<a refstr=PINAMONTI_ET_AL__2023 href=https://ui.adsabs.harvard.edu/abs/2023arXiv230604419P/abstract target=ref>Pinamonti et al. 2023</a>,M0.0,3897.0,71.0,-71.0,0.0,0.63,0.07,-0.07,0.0,0.65,0.08,-0.08,0.0,-0.06,0.09,-0.09,0.0,[Fe/H],-1.08,0.1,-0.1,0.0,4.64,0.07,-0.07,0.0,,,,,,,,,,,,,,,,,,,,,<a refstr=STASSUN_ET_AL__2019 href=https://ui.adsabs.harvard.edu/abs/2019AJ....158..138S/abstract target=ref>TICv8</a>,08h55m07.67s,133.7819507,+01d32m31.20s,1.5420011,20.5266,0.01685,-0.01685,9.99,0.1,-0.1,6.352,0.026,-0.026,9.2861,0.000382,-0.000382,2023-07-10,2023-06,2023-07-10
GJ 649 b,GJ 649,1,1,1,Radial Velocity,2009,W. M. Keck Observatory,Published Confirmed,0,<a refstr=PINAMONTI_ET_AL__2023 href=https://ui.adsabs.harvard.edu/abs/2023arXiv230604419P/abstract target=ref>Pinamonti et al. 2023</a>,600.1,1.7,-1.7,0.0,1.112,0.035,-0.037,0.0,,,,,,,,,,,,,,,,,81.99973,7.31005,-6.99222,0.0,0.258,0.023,-0.022,0.0,,,,,,,,,81.99973,7.31005,-6.99222,0.0,0.258,0.023,-0.022,0.0,Msini,,,,,0.083,0.068,-0.055,0.0,,,,,,,,,,,,,2459045.4,10.8,-11.7,0.0,BJD,0.0,9.71,0.55,-0.53,0.0,<a refstr=PINAMONTI_ET_AL__2023 href=https://ui.adsabs.harvard.edu/abs/2023arXiv230604419P/abstract target=ref>Pinamonti et al. 2023</a>,M1.0,3734.0,68.0,-68.0,0.0,0.5,0.05,-0.05,0.0,0.51,0.05,-0.05,0.0,-0.15,0.09,-0.09,0.0,[Fe/H],-1.361,0.087,-0.087,0.0,4.76,0.04,-0.04,0.0,,,,,,,,,,,,,24.89,0.34,-0.35,0.0,,,,,<a refstr=STASSUN_ET_AL__2019 href=https://ui.adsabs.harvard.edu/abs/2019AJ....158..138S/abstract target=ref>TICv8</a>,16h58m08.72s,254.5363221,+25d44m31.10s,25.7419719,10.3796,0.00335,-0.00335,9.7,0.1,-0.1,5.624,0.016,-0.016,8.81875,0.000404,-0.000404,2023-07-10,2023-06,2023-07-10
GJ 667 C g,GJ 667 C,1,3,5,Radial Velocity,2013,La Silla Observatory,Published Confirmed,1,<a refstr=ANGLADA_ESCUDE_ET_AL__2013 href=https://ui.adsabs.harvard.edu/abs/2013A%26A...556A.126A/abstract target=ref> Anglada-Escude et al. 2013 </a>,256.2,13.8,-7.9,0.0,0.549,0.052,-0.058,0.0,,,,,,,,,,,,,,,,,4.6,2.6,-2.3,0.0,0.014,0.008,-0.007,0.0,,,,,,,,,4.6,2.6,-2.3,0.0,0.014,0.008,-0.007,0.0,Msini,,,,,0.08,0.41,-0.08,0.0,,,,,,,,,,,,,,,,,,0.0,0.95,0.48,-0.44,0.0,<a refstr=ANGLADA_ESCUDE_ET_AL__2013 href=https://ui.adsabs.harvard.edu/abs/2013A%26A...556A.126A/abstract target=ref> Anglada-Escude et al. 2013 </a>,M1.5 V,3350.0,50.0,-50.0,0.0,,,,,0.33,0.02,-0.02,0.0,-0.55,0.1,-0.1,0.0,[Fe/H],-1.863,0.028,-0.03,0.0,4.69,0.1,-0.1,0.0,2.0,,,-1.0,,,,,,,,,,,,,6.5,1.0,-1.0,0.0,<a refstr=STASSUN_ET_AL__2019 href=https://ui.adsabs.harvard.edu/abs/2019AJ....158..138S/abstract target=ref>TICv8</a>,17h19m00.25s,259.7510609,-34d59m51.95s,-34.9977651,7.24396,0.00486,-0.00485,10.602,0.023,-0.023,6.036,0.02,-0.02,9.38033,0.000709,-0.000709,2014-05-14,2013-08,2014-05-14
HD 108874 b,HD 108874,1,1,2,Radial Velocity,2002,W. M. Keck Observatory,Published Confirmed,0,<a refstr=STASSUN_ET_AL__2017 href=https://ui.adsabs.harvard.edu/abs/2017AJ....153..136S/abstract target=ref>Stassun et al. 2017</a>,394.48123,0.6,-0.6,0.0,1.04,0.02,-0.02,0.0,,,,,,,,,,,,,,,,,451.3186,28.6047,-28.6047,0.0,1.42,0.09,-0.09,0.0,,,,,,,,,451.3186,28.6047,-28.6047,0.0,1.42,0.09,-0.09,0.0,Msini,,,,,0.13,0.02,-0.02,0.0,,,,,,,,,,,,,,,,,,0.0,37.3,1.1,-1.1,0.0,<a refstr=STASSUN_ET_AL__2017 href=https://ui.adsabs.harvard.edu/abs/2017AJ....153..136S/abstract target=ref>Stassun et al. 2017</a>,,5600.0,37.0,-37.0,0.0,1.05,0.02,-0.02,0.0,1.1,0.09,-0.09,0.0,0.26,,,0.0,[Fe/H],,,,,4.44,0.03,-0.03,0.0,,,,,,,,,,,,,,,,,,,,,<a refstr=STASSUN_ET_AL__2019 href=https://ui.adsabs.harvard.edu/abs/2019AJ....158..138S/abstract target=ref>TICv8</a>,12h30m27.02s,187.6126029,+22d52m45.98s,22.8794399,59.5175,0.1585,-0.1576,8.76,0.03,-0.03,7.06,0.024,-0.024,8.57502,0.000319,-0.000319,2018-09-04,2017-03,2018-09-06
HD 113538 b,HD 113538,1,1,2,Radial Velocity,2010,La Silla Observatory,Published Confirmed,0,<a refstr=MOUTOU_ET_AL__2015 href=https://ui.adsabs.harvard.edu/abs/2015A&A...576A..48M/abstract target=ref>Moutou et al. 2015</a>,663.2,8.4,-7.4,0.0,1.24,0.04,-0.04,0.0,,,,,,,,,,,,,,,,,114.41,12.71,-12.71,0.0,0.36,0.04,-0.04,0.0,,,,,,,,,114.41,12.71,-12.71,0.0,0.36,0.04,-0.04,0.0,Msini,,,,,0.14,0.08,-0.08,0.0,,,,,,,,,,,,,,,,,,0.0,12.2,1.1,-1.1,0.0,<a refstr=MOUTOU_ET_AL__2015 href=https://ui.adsabs.harvard.edu/abs/2015A&A...576A..48M/abstract target=ref>Moutou et al. 2015</a>,K9 V,4462.0,145.0,-145.0,0.0,0.53,0.02,-0.02,0.0,0.58,0.05,-0.05,0.0,-0.24,0.06,-0.06,0.0,[Fe/H],,,,,3.79,0.53,-0.53,0.0,4.3,4.0,-4.0,0.0,,,,,2.0,,,1.0,,,,,39.2,0.6,-0.6,0.0,<a refstr=STASSUN_ET_AL__2019 href=https://ui.adsabs.harvard.edu/abs/2019AJ....158..138S/abstract target=ref>TICv8</a>,13h04m56.14s,196.233933,-52d26m46.86s,-52.4463502,16.2817,0.0139,-0.014,9.05,0.03,-0.03,5.637,0.024,-0.024,8.4428,0.000538,-0.000538,2015-01-08,2015-04,2015-01-08
HD 114783 b,HD 114783,1,1,2,Radial Velocity,2001,W. M. Keck Observatory,Published Confirmed,0,<a refstr=WITTENMYER_ET_AL__2009 href=https://ui.adsabs.harvard.edu/abs/2009ApJS..182...97W/abstract target=ref> Wittenmyer et al. 2009 </a>,493.7,1.8,-1.8,0.0,1.16,0.019,-0.019,0.0,,,,,,,,,,,,,,,,,349.6,19.07,-19.07,0.0,1.1,0.06,-0.06,0.0,,,,,,,,,349.6,19.07,-19.07,0.0,1.1,0.06,-0.06,0.0,Msini,,,,,0.144,0.032,-0.032,0.0,,,,,,,,,,,,,,,,,,0.0,31.9,0.9,-0.9,0.0,<a refstr=WITTENMYER_ET_AL__2009 href=https://ui.adsabs.harvard.edu/abs/2009ApJS..182...97W/abstract target=ref> Wittenmyer et al. 2009 </a>,K0,5135.0,44.0,-44.0,0.0,,,,,0.85,0.03,-0.03,0.0,0.21,0.03,-0.03,0.0,[Fe/H],,,,,,,,,,,,,,,,,0.9,,,0.0,,,,,,,,,<a refstr=STASSUN_ET_AL__2019 href=https://ui.adsabs.harvard.edu/abs/2019AJ....158..138S/abstract target=ref>TICv8</a>,13h12m43.64s,198.1818436,-02d15m53.97s,-2.2649921,21.0628,0.0285,-0.0284,7.56,0.03,-0.03,5.475,0.017,-0.017,7.31783,0.000324,-0.000324,2014-05-14,2009-05,2014-05-14
HD 11506 c,HD 11506,1,1,3,Radial Velocity,2008,W. M. Keck Observatory,Published Confirmed,0,<a refstr=FENG_ET_AL__2022 href=https://ui.adsabs.harvard.edu/abs/2022ApJS..262...21F/abstract target=ref>Feng et al. 2022</a>,223.95986,0.67408,-0.64624,0.0,0.75,0.033,-0.036,0.0,,,,,,,,,,,,,,,,,117.27868,12.71314,-14.93794,0.0,0.369,0.04,-0.047,0.0,,,,,,,,,117.27868,12.71314,-14.93794,0.0,0.369,0.04,-0.047,0.0,Msini,,,,,0.233,0.072,-0.077,0.0,,,,,,,,,,,,,,,,,BJD,0.0,11.757,0.725,-0.941,0.0,<a refstr=FENG_ET_AL__2022 href=https://ui.adsabs.harvard.edu/abs/2022ApJS..262...21F/abstract target=ref>Feng et al. 2022</a>,,,,,,,,,,1.12,0.15,-0.15,0.0,,,,,,,,,,,,,,,,,,,,,,,,,,,,,,,,,,<a refstr=STASSUN_ET_AL__2019 href=https://ui.adsabs.harvard.edu/abs/2019AJ....158..138S/abstract target=ref>TICv8</a>,01h52m50.56s,28.2106607,-19d30m26.63s,-19.507396,51.261,0.1351,-0.1343,7.51,0.03,-0.03,6.168,0.017,-0.017,7.37382,0.000301,-0.000301,2023-06-14,2022-09,2023-06-14
HD 12648 b,HD 12648,1,1,1,Radial Velocity,2015,Bohyunsan Optical Astronomical Observatory,Published Confirmed,0,<a refstr=STASSUN_ET_AL__2017 href=https://ui.adsabs.harvard.edu/abs/2017AJ....153..136S/abstract target=ref>Stassun et al. 2017</a>,133.60001,0.5,-0.5,0.0,0.54,0.02,-0.02,0.0,,,,,,,,,,,,,,,,,622.9468,69.9226,-69.9226,0.0,1.96,0.22,-0.22,0.0,,,,,,,,,622.9468,69.9226,-69.9226,0.0,1.96,0.22,-0.22,0.0,Msini,,,,,0.04,0.08,-0.08,0.0,,,,,,,,,,,,,,,,,,0.0,102.0,8.4,-8.4,0.0,<a refstr=STASSUN_ET_AL__2017 href=https://ui.adsabs.harvard.edu/abs/2017AJ....153..136S/abstract target=ref>Stassun et al. 2017</a>,,4835.0,7.0,-7.0,0.0,11.02,0.48,-0.48,0.0,0.67,0.07,-0.07,0.0,-0.57,,,0.0,[Fe/H],,,,,2.18,0.03,-0.03,0.0,,,,,,,,,,,,,,,,,,,,,<a refstr=STASSUN_ET_AL__2019 href=https://ui.adsabs.harvard.edu/abs/2019AJ....158..138S/abstract target=ref>TICv8</a>,02h18m59.54s,34.7480718,+85d44m11.52s,85.7365329,182.192,0.951,-0.941,6.98656,0.023,-0.023,4.743,0.031,-0.031,6.7184,0.00022,-0.00022,2018-09-04,2017-03,2018-09-06
HD 134987 b,HD 134987,1,1,2,Radial Velocity,1999,W. M. Keck Observatory,Published Confirmed,0,<a refstr=STASSUN_ET_AL__2017 href=https://ui.adsabs.harvard.edu/abs/2017AJ....153..136S/abstract target=ref>Stassun et al. 2017</a>,258.17999,0.07,-0.07,0.0,0.81,0.02,-0.02,0.0,,,,,,,,,,,,,,,,,511.7063,22.2481,-22.2481,0.0,1.61,0.07,-0.07,0.0,,,,,,,,,511.7063,22.2481,-22.2481,0.0,1.61,0.07,-0.07,0.0,Msini,,,,,0.23,0.0,0.0,0.0,,,,,,,,,,,,,,,,,,0.0,49.5,0.2,-0.2,0.0,<a refstr=STASSUN_ET_AL__2017 href=https://ui.adsabs.harvard.edu/abs/2017AJ....153..136S/abstract target=ref>Stassun et al. 2017</a>,,5736.0,17.0,-17.0,0.0,1.22,0.03,-0.03,0.0,1.1,0.07,-0.07,0.0,0.28,,,0.0,[Fe/H],,,,,4.31,0.02,-0.02,0.0,,,,,,,,,,,,,,,,,,,,,<a refstr=STASSUN_ET_AL__2019 href=https://ui.adsabs.harvard.edu/abs/2019AJ....158..138S/abstract target=ref>TICv8</a>,15h13m28.21s,228.3675397,-25d18m34.82s,-25.3096721,26.1804,0.0516,-0.0515,6.47,0.03,-0.03,4.882,0.016,-0.016,6.28994,0.0004336,-0.0004336,2018-09-04,2017-03,2018-09-06
HD 142 b,HD 142,1,2,3,Radial Velocity,2001,Anglo-Australian Telescope,Published Confirmed,0,<a refstr=FENG_ET_AL__2022 href=https://ui.adsabs.harvard.edu/abs/2022ApJS..262...21F/abstract target=ref>Feng et al. 2022</a>,351.43394,0.3746,-0.3777,0.0,1.039,0.046,-0.051,0.0,,,,,,,,,,,,,,,,,396.96768,38.13941,-41.31769,0.0,1.249,0.12,-0.13,0.0,,,,,,,,,396.96768,38.13941,-41.31769,0.0,1.249,0.12,-0.13,0.0,Msini,,,,,0.158,0.033,-0.03,0.0,,,,,,,,,,,,,,,,,BJD,0.0,32.043,1.058,-1.115,0.0,<a refstr=FENG_ET_AL__2022 href=https://ui.adsabs.harvard.edu/abs/2022ApJS..262...21F/abstract target=ref>Feng et al. 2022</a>,,,,,,,,,,1.21,0.17,-0.17,0.0,,,,,,,,,,,,,,,,,,,,,,,,,,,,,,,,,,<a refstr=STASSUN_ET_AL__2019 href=https://ui.adsabs.harvard.edu/abs/2019AJ....158..138S/abstract target=ref>TICv8</a>,00h06m20.08s,1.5836771,-49d04m31.30s,-49.0753625,26.1853,0.0449,-0.0446,5.7,0.03,-0.03,4.474,0.024,-0.024,5.58442,0.0011348,-0.0011348,2023-06-14,2022-09,2023-06-14
HD 155193 b,HD 155193,1,1,1,Radial Velocity,2021,Haute-Provence Observatory,Published Confirmed,0,<a refstr=DALAL_ET_AL__2021 href=https://ui.adsabs.harvard.edu/abs/2021A&A...651A..11D/abstract target=ref>Dalal et al. 2021</a>,352.65,2.58,-2.58,0.0,1.04,0.04,-0.04,0.0,,,,,,,,,,,,,,,,,238.37131,19.0697,-19.0697,0.0,0.75,0.06,-0.06,0.0,,,,,,,,,238.37131,19.0697,-19.0697,0.0,0.75,0.06,-0.06,0.0,Msini,,,,,0.21,0.08,-0.08,0.0,,,,,,,,,0.711,,,-1.0,,,,,,0.0,19.51,1.42,-1.42,0.0,<a refstr=DALAL_ET_AL__2021 href=https://ui.adsabs.harvard.edu/abs/2021A&A...651A..11D/abstract target=ref>Dalal et al. 2021</a>,F8 IV,6239.0,20.0,-20.0,0.0,,,,,1.22,0.08,-0.08,0.0,0.05,0.01,-0.01,0.0,[Fe/H],,,,,4.26,0.04,-0.04,0.0,,,,,,,,,3.6,1.0,-1.0,0.0,,,,,3.88,0.0,0.0,0.0,<a refstr=STASSUN_ET_AL__2019 href=https://ui.adsabs.harvard.edu/abs/2019AJ....158..138S/abstract target=ref>TICv8</a>,17h09m41.01s,257.4208876,+10d02m17.16s,10.0381003,57.7995,0.1224,-0.1219,7.0092,0.023,-0.023,5.715,0.024,-0.024,6.86686,0.000195,-0.000195,2021-05-28,2021-07,2021-05-28
HD 155358 b,HD 155358,1,1,2,Radial Velocity,2007,McDonald Observatory,Published Confirmed,0,<a refstr=STASSUN_ET_AL__2017 href=https://ui.adsabs.harvard.edu/abs/2017AJ....153..136S/abstract target=ref>Stassun et al. 2017</a>,194.3,0.3,-0.3,0.0,0.63,0.02,-0.02,0.0,,,,,,,,,,,,,,,,,314.6517,25.4264,-25.4264,0.0,0.99,0.08,-0.08,0.0,,,,,,,,,314.6517,25.4264,-25.4264,0.0,0.99,0.08,-0.08,0.0,Msini,,,,,0.17,0.03,-0.03,0.0,,,,,,,,,,,,,,,,,,0.0,32.0,2.0,-2.0,0.0,<a refstr=STASSUN_ET_AL__2017 href=https://ui.adsabs.harvard.edu/abs/2017AJ....153..136S/abstract target=ref>Stassun et al. 2017</a>,,5905.0,13.0,-13.0,0.0,1.38,0.02,-0.02,0.0,1.15,0.08,-0.08,0.0,-0.6,,,0.0,[Fe/H],,,,,4.22,0.03,-0.03,0.0,,,,,,,,,,,,,,,,,,,,,<a refstr=STASSUN_ET_AL__2019 href=https://ui.adsabs.harvard.edu/abs/2019AJ....158..138S/abstract target=ref>TICv8</a>,17h09m34.34s,257.3930947,+33d21m17.74s,33.3549277,43.6197,0.0472,-0.0472,7.28,0.03,-0.03,5.808,0.018,-0.018,7.12074,0.000255,-0.000255,2018-09-04,2017-03,2018-09-06
HD 155358 c,HD 155358,1,1,2,Radial Velocity,2007,McDonald Observatory,Published Confirmed,0,<a refstr=ROBERTSON_ET_AL__2012 href=https://ui.adsabs.harvard.edu/abs/2012ApJ...749...39R/abstract target=ref> Robertson et al. 2012 </a>,391.9,1.0,-1.0,0.0,1.02,0.02,-0.02,0.0,,,,,,,,,,,,,,,,,261.0,22.0,-22.0,0.0,0.82,0.07,-0.07,0.0,,,,,,,,,261.0,22.0,-22.0,0.0,0.82,0.07,-0.07,0.0,Msini,,,,,0.16,0.1,-0.1,0.0,,,,,,,,,,,,,,,,,,0.0,24.9,1.0,-1.0,0.0,<a refstr=ROBERTSON_ET_AL__2012 href=https://ui.adsabs.harvard.edu/abs/2012ApJ...749...39R/abstract target=ref> Robertson et al. 2012 </a>,G0,5900.0,100.0,-100.0,0.0,,,,,0.92,,,0.0,-0.51,0.06,-0.06,0.0,[Fe/H],,,,,4.16,0.12,-0.12,0.0,10.7,,,0.0,,,,,,,,,,,,,,,,,<a refstr=STASSUN_ET_AL__2019 href=https://ui.adsabs.harvard.edu/abs/2019AJ....158..138S/abstract target=ref>TICv8</a>,17h09m34.34s,257.3930947,+33d21m17.74s,33.3549277,43.6197,0.0472,-0.0472,7.28,0.03,-0.03,5.808,0.018,-0.018,7.12074,0.000255,-0.000255,2019-01-28,2012-04,2019-01-31
HD 159868 c,HD 159868,1,1,2,Radial Velocity,2012,Anglo-Australian Telescope,Published Confirmed,0,<a refstr=LUHN_ET_AL__2019 href=https://ui.adsabs.harvard.edu/abs/2019AJ....157..149L/abstract target=ref>Luhn et al. 2019</a>,351.0,1.1,-1.1,0.0,1.032,0.064,-0.064,0.0,,,,,,,,,,,,,,,,,244.09344,13.98452,-13.98452,0.0,0.768,0.044,-0.044,0.0,,,,,,,,,244.09344,13.98452,-13.98452,0.0,0.768,0.044,-0.044,0.0,Msini,,,,,0.184,0.037,-0.037,0.0,,,,,,,,,,,,,,,,,JD,0.0,20.0,1.1,-1.1,0.0,<a refstr=LUHN_ET_AL__2019 href=https://ui.adsabs.harvard.edu/abs/2019AJ....157..149L/abstract target=ref>Luhn et al. 2019</a>,,5534.0,,,0.0,2.13,,,0.0,1.19,,,0.0,,,,,,,,,,3.92,,,0.0,,,,,,,,,,,,,,,,,,,,,<a refstr=STASSUN_ET_AL__2019 href=https://ui.adsabs.harvard.edu/abs/2019AJ....158..138S/abstract target=ref>TICv8</a>,17h38m59.20s,264.7466665,-43d08m46.44s,-43.1462347,55.8503,0.1669,-0.166,7.24,0.03,-0.03,5.535,0.024,-0.024,7.04579,0.000353,-0.000353,2018-12-03,2019-04,2018-12-06
HD 161178 b,HD 161178,1,1,1,Radial Velocity,2021,Okayama Astrophysical Observatory,Published Confirmed,0,<a refstr=TENG_ET_AL__2021 href=https://ui.adsabs.harvard.edu/abs/2021PASJ..tmp..128T/abstract target=ref>Teng et al. 2021</a>,279.3,1.0,-0.8,0.0,0.85,0.05,-0.07,0.0,,,,,,,,,,,,,,,,,181.16219,6.35657,-50.85255,0.0,0.57,0.02,-0.16,0.0,,,,,,,,,181.16219,6.35657,-50.85255,0.0,0.57,0.02,-0.16,0.0,Msini,,,,,0.044,0.132,-0.019,0.0,,,,,,,,,,,,,,,,,JD,0.0,17.0,1.6,-2.3,0.0,<a refstr=TENG_ET_AL__2021 href=https://ui.adsabs.harvard.edu/abs/2021PASJ..tmp..128T/abstract target=ref>Teng et al. 2021</a>,G9 III,4786.0,,,0.0,10.95,0.42,-0.54,0.0,1.06,0.25,-0.17,0.0,-0.21,0.09,-0.07,0.0,[Fe/H],1.751,0.044,-0.043,0.0,2.38,0.07,-0.03,0.0,,,,,,,,,1.78,,,0.0,,,,,,,,,<a refstr=STASSUN_ET_AL__2019 href=https://ui.adsabs.harvard.edu/abs/2019AJ....158..138S/abstract target=ref>TICv8</a>,17h37m08.97s,264.2873565,+72d27m21.09s,72.455859,107.188,0.4905,-0.4905,5.88375,0.023,-0.023,3.657,0.236,-0.236,5.59958,0.0015918,-0.0015918,2022-01-10,2021-12,2022-01-10
HD 164509 b,HD 164509,1,2,1,Radial Velocity,2010,W. M. Keck Observatory,Published Confirmed,0,<a refstr=MENT_ET_AL__2018 href=https://ui.adsabs.harvard.edu/abs/2018AJ....156..213M/abstract target=ref>Ment et al. 2018</a>,280.17,0.82,-0.82,0.0,0.87,0.051,-0.051,0.0,,,,,,,,,,,,,,,,,140.79869,26.37989,-26.37989,0.0,0.443,0.083,-0.083,0.0,,,,,,,,,140.79869,26.37989,-26.37989,0.0,0.443,0.083,-0.083,0.0,Msini,,,,,0.238,0.062,-0.062,0.0,,,,,,,,,,,,,,,,,JD,0.0,13.15,0.77,-0.77,0.0,<a refstr=MENT_ET_AL__2018 href=https://ui.adsabs.harvard.edu/abs/2018AJ....156..213M/abstract target=ref>Ment et al. 2018</a>,G5,5859.0,,,0.0,1.11,0.06,-0.06,0.0,1.12,0.19,-0.19,0.0,0.2,,,0.0,[Fe/H],0.12,0.05,-0.05,0.0,,,,,2.32,1.27,-1.27,0.0,,,,,,,,,,,,,,,,,<a refstr=STASSUN_ET_AL__2019 href=https://ui.adsabs.harvard.edu/abs/2019AJ....158..138S/abstract target=ref>TICv8</a>,18h01m31.22s,270.3800811,+00d06m16.09s,0.1044685,53.1119,0.1432,-0.1425,8.1,0.03,-0.03,6.586,0.021,-0.021,7.95594,0.000404,-0.000404,2018-09-25,2018-11,2018-09-27
HD 188015 b,HD 188015,1,2,1,Radial Velocity,2004,W. M. Keck Observatory,Published Confirmed,0,<a refstr=BUTLER_ET_AL__2006 href=https://ui.adsabs.harvard.edu/abs/2006ApJ...646..505B/abstract target=ref> Butler et al. 2006 </a>,461.2,1.7,-1.7,0.0,1.203,0.07,-0.07,0.0,,,,,,,,,,,,,,,,,476.72,41.32,-41.32,0.0,1.5,0.13,-0.13,0.0,,,,,,,,,476.72,41.32,-41.32,0.0,1.5,0.13,-0.13,0.0,Msini,,,,,0.137,0.026,-0.026,0.0,,,,,,,,,,,,,,,,,,0.0,37.6,1.2,-1.2,0.0,<a refstr=BUTLER_ET_AL__2006 href=https://ui.adsabs.harvard.edu/abs/2006ApJ...646..505B/abstract target=ref> Butler et al. 2006 </a>,,5746.0,,,0.0,,,,,1.09,,,0.0,0.289,,,0.0,[Fe/H],,,,,4.45,,,0.0,,,,,,,,,,,,,,,,,,,,,<a refstr=STASSUN_ET_AL__2019 href=https://ui.adsabs.harvard.edu/abs/2019AJ....158..138S/abstract target=ref>TICv8</a>,19h52m04.60s,298.0191857,+28d05m59.92s,28.0999769,50.6706,0.1095,-0.1089,8.24,0.03,-0.03,6.632,0.018,-0.018,8.06588,0.00033,-0.00033,2014-07-23,2006-07,2014-07-23
HD 191939 g,HD 191939,1,1,6,Radial Velocity,2022,Multiple Observatories,Published Confirmed,0,<a refstr=ORELL_MIQUEL_ET_AL__2022 href=https://ui.adsabs.harvard.edu/abs/2022arXiv221100667O/abstract target=ref>Orell-Miquel et al. 2022</a>,284.0,10.0,-8.0,0.0,0.812,0.028,-0.028,0.0,,,,,,,,,,,,,,,,,13.5,2.0,-2.0,0.0,0.04248,0.00629,-0.00629,0.0,,,,,,,,,13.5,2.0,-2.0,0.0,0.04248,0.00629,-0.00629,0.0,Msini,,,,,0.03,0.025,-0.011,0.0,0.99,0.08,-0.08,0.0,278.0,6.0,-6.0,0.0,,,,,2459385.0,13.0,-10.0,0.0,BJD,0.0,1.53,0.21,-0.23,0.0,<a refstr=LUBIN_ET_AL__2022 href=https://ui.adsabs.harvard.edu/abs/2022AJ....163..101L/abstract target=ref>Lubin et al. 2022</a>,G9 V,5348.0,100.0,-100.0,0.0,0.94,0.02,-0.02,0.0,0.81,0.04,-0.04,0.0,-0.15,0.06,-0.06,0.0,[Fe/H],-0.187,0.013,-0.014,0.0,4.3,0.1,-0.1,0.0,8.7,,,-1.0,1.37,0.11,-0.11,0.0,2.0,,,1.0,,,,,-9.5,0.2,-0.2,0.0,<a refstr=STASSUN_ET_AL__2019 href=https://ui.adsabs.harvard.edu/abs/2019AJ....158..138S/abstract target=ref>TICv8</a>,20h08m06.15s,302.0256247,+66d51m01.09s,66.8503014,53.6089,0.0733,-0.0731,8.97,0.03,-0.03,7.18,0.021,-0.021,8.77476,0.000238,-0.000238,2022-11-14,2022-11,2022-11-14
HD 192310 c,HD 192310,1,1,2,Radial Velocity,2011,La Silla Observatory,Published Confirmed,0,<a refstr=PEPE_ET_AL__2011 href=https://ui.adsabs.harvard.edu/abs/2011A%26A...534A..58P/abstract target=ref> Pepe et al. 2011 </a>,525.8,9.2,-9.2,0.0,1.18,0.025,-0.025,0.0,,,,,,,,,,,,,,,,,24.0,5.0,-5.0,0.0,0.07551,0.01573,-0.01573,0.0,24.0,5.0,-5.0,0.0,0.076,0.016,-0.016,0.0,24.0,5.0,-5.0,0.0,0.076,0.016,-0.016,0.0,Msin(i)/sin(i),,,,,0.32,0.11,-0.11,0.0,,,,,185.0,,,0.0,90.0,,,0.0,,,,,,0.0,2.27,0.28,-0.28,0.0,<a refstr=PEPE_ET_AL__2011 href=https://ui.adsabs.harvard.edu/abs/2011A%26A...534A..58P/abstract target=ref> Pepe et al. 2011 </a>,,5166.0,49.0,-49.0,0.0,,,,,0.8,,,0.0,-0.04,0.03,-0.03,0.0,[Fe/H],-0.415,0.008,-0.008,0.0,4.51,0.09,-0.09,0.0,7.81,0.9,-0.9,0.0,,,,,3.0,,,1.0,,,,,-54.22,0.0,0.0,0.0,<a refstr=STASSUN_ET_AL__2019 href=https://ui.adsabs.harvard.edu/abs/2019AJ....158..138S/abstract target=ref>TICv8</a>,20h15m18.83s,303.8284712,-27d02m01.52s,-27.0337556,8.79687,0.00925,-0.00924,5.73,0.03,-0.03,3.501,0.232,-0.232,5.47661,0.0019526,-0.0019526,2015-07-01,2011-10,2015-07-02
HD 205739 b,HD 205739,1,1,1,Radial Velocity,2008,Las Campanas Observatory,Published Confirmed,0,<a refstr=LOPEZ_MORALES_ET_AL__2008 href=https://ui.adsabs.harvard.edu/abs/2008AJ....136.1901L/abstract target=ref> Lopez-Morales et al. 2008 </a>,279.8,0.1,-0.1,0.0,0.896,0.019,-0.015,0.0,,,,,,,,,,,,,,,,,435.41,22.25,-28.6,0.0,1.37,0.07,-0.09,0.0,,,,,,,,,435.41,22.25,-28.6,0.0,1.37,0.07,-0.09,0.0,Msini,,,,,0.27,0.07,-0.07,0.0,,,,,,,,,,,,,,,,,,0.0,42.0,3.0,-3.0,0.0,<a refstr=LOPEZ_MORALES_ET_AL__2008 href=https://ui.adsabs.harvard.edu/abs/2008AJ....136.1901L/abstract target=ref> Lopez-Morales et al. 2008 </a>,,6176.0,30.0,-30.0,0.0,1.33,0.1,-0.1,0.0,1.22,0.08,-0.06,0.0,0.19,0.04,-0.04,0.0,[Fe/H],0.36,,,0.0,4.29,0.06,-0.05,0.0,2.84,0.92,-1.12,0.0,,,,,4.48,0.5,-0.5,0.0,,,,,,,,,<a refstr=STASSUN_ET_AL__2019 href=https://ui.adsabs.harvard.edu/abs/2019AJ....158..138S/abstract target=ref>TICv8</a>,21h38m08.43s,324.5351273,-31d44m16.21s,-31.7378373,92.5087,0.8954,-0.8787,8.56,0.03,-0.03,7.299,0.026,-0.026,8.41991,0.000261,-0.000261,2014-09-25,2008-11,2014-09-25
HD 207832 b,HD 207832,1,3,2,Radial Velocity,2012,W. M. Keck Observatory,Published Confirmed,0,<a refstr=MENT_ET_AL__2018 href=https://ui.adsabs.harvard.edu/abs/2018AJ....156..213M/abstract target=ref>Ment et al. 2018</a>,160.07,0.23,-0.23,0.0,0.586,0.032,-0.032,0.0,,,,,,,,,,,,,,,,,177.9848,28.92253,-28.92253,0.0,0.56,0.091,-0.091,0.0,,,,,,,,,177.9848,28.92253,-28.92253,0.0,0.56,0.091,-0.091,0.0,Msini,,,,,0.197,0.053,-0.053,0.0,,,,,,,,,,,,,,,,,JD,0.0,20.73,0.91,-0.91,0.0,<a refstr=MENT_ET_AL__2018 href=https://ui.adsabs.harvard.edu/abs/2018AJ....156..213M/abstract target=ref>Ment et al. 2018</a>,G5 V,5726.0,,,0.0,0.89,0.05,-0.05,0.0,1.05,0.17,-0.17,0.0,0.14,,,0.0,[Fe/H],-0.11,0.05,-0.05,0.0,,,,,1.36,1.26,-1.26,0.0,,,,,,,,,,,,,,,,,<a refstr=STASSUN_ET_AL__2019 href=https://ui.adsabs.harvard.edu/abs/2019AJ....158..138S/abstract target=ref>TICv8</a>,21h52m36.43s,328.1517893,-26d01m37.83s,-26.0271749,58.9291,0.156,-0.1552,8.78,0.03,-0.03,7.207,0.017,-0.017,8.61176,0.000213,-0.000213,2018-09-25,2018-11,2018-09-27
HD 20794 e,HD 20794,1,1,4,Radial Velocity,2017,La Silla Observatory,Published Confirmed,0,<a refstr=FENG_ET_AL__2017 href=https://ui.adsabs.harvard.edu/abs/2017A&A...605A.103F/abstract target=ref>Feng et al. 2017</a>,147.02,1.43,-0.91,0.0,0.509,0.006,-0.006,0.0,,,,,,,,,,,,,,,,,4.77,0.96,-0.86,0.0,0.01501,0.00302,-0.00271,0.0,,,,,,,,,4.77,0.96,-0.86,0.0,0.01501,0.00302,-0.00271,0.0,Msini,,,,,0.29,0.14,-0.18,0.0,,,,,,,,,,,,,,,,,,0.0,0.69,0.15,-0.13,0.0,<a refstr=FENG_ET_AL__2017 href=https://ui.adsabs.harvard.edu/abs/2017A&A...605A.103F/abstract target=ref>Feng et al. 2017</a>,G8,,,,,,,,,0.81,0.02,-0.01,0.0,,,,,,,,,,,,,,,,,,,,,,,,,,,,,,,,,,<a refstr=STASSUN_ET_AL__2019 href=https://ui.adsabs.harvard.edu/abs/2019AJ....158..138S/abstract target=ref>TICv8</a>,03h19m59.94s,49.9997666,-43d03m59.95s,-43.0666533,6.00278,0.00854,-0.00851,4.26,0.03,-0.03,2.636,0.278,-0.278,4.06635,0.0051023,-0.0051023,2017-06-06,2017-09,2017-06-08
HD 208487 b,HD 208487,1,1,1,Radial Velocity,2004,Anglo-Australian Telescope,Published Confirmed,0,<a refstr=BUTLER_ET_AL__2006 href=https://ui.adsabs.harvard.edu/abs/2006ApJ...646..505B/abstract target=ref> Butler et al. 2006 </a>,130.08,0.51,-0.51,0.0,0.524,0.03,-0.03,0.0,,,,,,,,,,,,,,,,,165.265,26.061,-26.061,0.0,0.52,0.082,-0.082,0.0,,,,,,,,,165.265,26.061,-26.061,0.0,0.52,0.082,-0.082,0.0,Msini,,,,,0.24,0.16,-0.16,0.0,,,,,,,,,,,,,,,,,,0.0,19.7,3.6,-3.6,0.0,<a refstr=BUTLER_ET_AL__2006 href=https://ui.adsabs.harvard.edu/abs/2006ApJ...646..505B/abstract target=ref> Butler et al. 2006 </a>,,6067.0,,,0.0,,,,,1.13,,,0.0,0.022,,,0.0,[Fe/H],,,,,4.33,,,0.0,,,,,,,,,4.61,,,0.0,,,,,,,,,<a refstr=STASSUN_ET_AL__2019 href=https://ui.adsabs.harvard.edu/abs/2019AJ....158..138S/abstract target=ref>TICv8</a>,21h57m19.98s,329.3332489,-37d45m50.89s,-37.7641354,45.147,0.1593,-0.1582,7.47,0.03,-0.03,6.159,0.034,-0.034,7.33164,0.000327,-0.000327,2014-11-05,2006-07,2014-11-05
HD 216520 c,HD 216520,1,1,2,Radial Velocity,2020,Multiple Observatories,Published Confirmed,0,<a refstr=BURT_ET_AL__2021 href=https://ui.adsabs.harvard.edu/abs/2021AJ....161...10B/abstract target=ref>Burt et al. 2021</a>,154.43,0.44,-0.44,0.0,0.528,0.01,-0.01,0.0,,,,,,,,,,,,,,,,,9.44,1.63,-1.63,0.0,0.0297,0.00513,-0.00513,0.0,,,,,,,,,9.44,1.63,-1.63,0.0,0.0297,0.00513,-0.00513,0.0,Msini,,,,,0.12,0.08,-0.08,0.0,,,,,,,,,,,,,,,,,,0.0,1.29,0.22,-0.22,0.0,<a refstr=BURT_ET_AL__2021 href=https://ui.adsabs.harvard.edu/abs/2021AJ....161...10B/abstract target=ref>Burt et al. 2021</a>,,5103.0,20.0,-20.0,0.0,0.76,0.01,-0.01,0.0,0.82,0.04,-0.04,0.0,-0.16,,,0.0,[Fe/H],-0.452,0.004,-0.004,0.0,4.54,0.03,-0.03,0.0,6.0,3.0,-3.0,0.0,,,,,0.2,0.5,-0.5,0.0,,,,,,,,,<a refstr=STASSUN_ET_AL__2019 href=https://ui.adsabs.harvard.edu/abs/2019AJ....158..138S/abstract target=ref>TICv8</a>,22h47m30.45s,341.8768719,+83d41m51.11s,83.6975307,19.552,0.0113,-0.0113,7.53,0.03,-0.03,5.449,0.021,-0.021,7.27896,0.000218,-0.000218,2020-12-10,2021-01,2020-12-17
HD 218566 b,HD 218566,1,1,1,Radial Velocity,2010,W. M. Keck Observatory,Published Confirmed,0,<a refstr=STASSUN_ET_AL__2017 href=https://ui.adsabs.harvard.edu/abs/2017AJ....153..136S/abstract target=ref>Stassun et al. 2017</a>,225.7,0.4,-0.4,0.0,0.69,0.01,-0.01,0.0,,,,,,,,,,,,,,,,,63.566,19.0698,-19.0698,0.0,0.2,0.06,-0.06,0.0,,,,,,,,,63.566,19.0698,-19.0698,0.0,0.2,0.06,-0.06,0.0,Msini,,,,,0.3,0.1,-0.1,0.0,,,,,,,,,,,,,,,,,,0.0,8.3,0.7,-0.7,0.0,<a refstr=STASSUN_ET_AL__2017 href=https://ui.adsabs.harvard.edu/abs/2017AJ....153..136S/abstract target=ref>Stassun et al. 2017</a>,,4730.0,100.0,-100.0,0.0,0.85,0.04,-0.04,0.0,0.76,0.32,-0.32,0.0,0.28,,,0.0,[Fe/H],,,,,4.46,0.18,-0.18,0.0,,,,,,,,,,,,,,,,,,,,,<a refstr=STASSUN_ET_AL__2019 href=https://ui.adsabs.harvard.edu/abs/2019AJ....158..138S/abstract target=ref>TICv8</a>,23h09m11.38s,347.297417,-02d15m40.19s,-2.2611645,28.8274,0.0429,-0.0427,8.6,0.005,-0.005,6.223,0.02,-0.02,8.27432,0.000305,-0.000305,2018-09-04,2017-03,2018-09-06
HD 231701 b,HD 231701,1,1,1,Radial Velocity,2007,W. M. Keck Observatory,Published Confirmed,0,<a refstr=MENT_ET_AL__2018 href=https://ui.adsabs.harvard.edu/abs/2018AJ....156..213M/abstract target=ref>Ment et al. 2018</a>,141.63,0.067,-0.067,0.0,0.567,0.053,-0.053,0.0,,,,,,,,,,,,,,,,,359.1479,79.4575,-79.4575,0.0,1.13,0.25,-0.25,0.0,,,,,,,,,359.1479,79.4575,-79.4575,0.0,1.13,0.25,-0.25,0.0,Msini,,,,,0.13,0.032,-0.032,0.0,,,,,,,,,,,,,,,,,JD,0.0,39.2,1.2,-1.2,0.0,<a refstr=MENT_ET_AL__2018 href=https://ui.adsabs.harvard.edu/abs/2018AJ....156..213M/abstract target=ref>Ment et al. 2018</a>,F8 V,6101.0,,,0.0,1.53,0.2,-0.2,0.0,1.21,0.34,-0.34,0.0,0.05,,,0.0,[Fe/H],0.47,0.11,-0.11,0.0,,,,,3.43,0.71,-0.71,0.0,,,,,,,,,,,,,,,,,<a refstr=STASSUN_ET_AL__2019 href=https://ui.adsabs.harvard.edu/abs/2019AJ....158..138S/abstract target=ref>TICv8</a>,19h32m04.23s,293.017622,+16d28m27.68s,16.4743566,108.877,0.471,-0.467,8.97,0.03,-0.03,7.657,0.026,-0.026,8.83051,0.000288,-0.000288,2018-09-25,2018-11,2018-09-27
HD 31527 d,HD 31527,1,1,3,Radial Velocity,2019,La Silla Observatory,Published Confirmed,0,<a refstr=UDRY_ET_AL__2019 href=https://ui.adsabs.harvard.edu/abs/2019A&A...622A..37U/abstract target=ref>Udry et al. 2019</a>,271.6737,2.1135,-2.2471,0.0,0.8098,0.0273,-0.0293,0.0,,,,,,,,,,,,,,,,,11.82,1.7,-1.64,0.0,0.0372,0.0053,-0.0052,0.0,,,,,,,,,11.82,1.7,-1.64,0.0,0.0372,0.0053,-0.0052,0.0,Msini,,,,,0.24,0.13,-0.13,0.0,,,,,,,,,,,,,,,,,BJD,0.0,1.25,0.17,-0.16,0.0,<a refstr=UDRY_ET_AL__2019 href=https://ui.adsabs.harvard.edu/abs/2019A&A...622A..37U/abstract target=ref>Udry et al. 2019</a>,G2 V,5898.0,13.0,-13.0,0.0,,,,,0.96,,,0.0,-0.17,0.01,-0.01,0.0,[Fe/H],0.079,0.011,-0.011,0.0,4.45,0.02,-0.02,0.0,,,,,,,,,1.9,,,0.0,20.3,2.9,-2.9,0.0,,,,,<a refstr=STASSUN_ET_AL__2019 href=https://ui.adsabs.harvard.edu/abs/2019AJ....158..138S/abstract target=ref>TICv8</a>,04h55m38.31s,73.9096193,-23d14m28.74s,-23.2413163,38.4473,0.0408,-0.0408,7.49,0.03,-0.03,6.049,0.018,-0.018,7.33222,0.000169,-0.000169,2019-02-05,2019-02,2019-02-07
HD 34445 c,HD 34445,1,1,6,Radial Velocity,2017,Multiple Observatories,Published Confirmed,0,<a refstr=VOGT_ET_AL__2017 href=https://ui.adsabs.harvard.edu/abs/2017AJ....154..181V/abstract target=ref>Vogt et al. 2017</a>,214.67,0.45,-0.45,0.0,0.7181,0.0049,-0.0049,0.0,,,,,,,,,,,,,,,,,53.5,5.0,-5.0,0.0,0.168,0.016,-0.016,0.0,,,,,,,,,53.5,5.0,-5.0,0.0,0.168,0.016,-0.016,0.0,Msini,,,,,0.036,0.071,-0.036,0.0,,,,,,,,,,,,,,,,,,0.0,5.45,0.5,-0.5,0.0,<a refstr=VOGT_ET_AL__2017 href=https://ui.adsabs.harvard.edu/abs/2017AJ....154..181V/abstract target=ref>Vogt et al. 2017</a>,G0 V,5836.0,44.0,-44.0,0.0,1.38,0.08,-0.08,0.0,1.07,0.02,-0.02,0.0,0.14,0.04,-0.04,0.0,[Fe/H],0.303,0.041,-0.046,0.0,4.21,0.08,-0.08,0.0,8.5,2.0,-2.0,0.0,,,,,,,,,22.0,,,0.0,,,,,<a refstr=STASSUN_ET_AL__2019 href=https://ui.adsabs.harvard.edu/abs/2019AJ....158..138S/abstract target=ref>TICv8</a>,05h17m40.98s,79.4207483,+07d21m09.78s,7.3527156,46.0907,0.0996,-0.0991,7.31,0.03,-0.03,5.79,0.023,-0.023,7.14947,0.000257,-0.000257,2017-10-23,2017-11,2017-10-26
HD 37124 b,HD 37124,1,1,3,Radial Velocity,2002,W. M. Keck Observatory,Published Confirmed,0,<a refstr=WRIGHT_ET_AL__2011 href=https://ui.adsabs.harvard.edu/abs/2011ApJ...730...93W/abstract target=ref>Wright et al. 2011</a>,154.378,0.089,-0.089,0.0,0.53364,0.0002,-0.0002,0.0,,,,,,,,,,,,,,,,,214.53525,5.40311,-5.40311,0.0,0.675,0.017,-0.017,0.0,,,,,,,,,214.53525,5.40311,-5.40311,0.0,0.675,0.017,-0.017,0.0,Msini,,,,,0.054,0.028,-0.028,0.0,,,,,,,,,,,,,,,,,JD,0.0,28.5,0.78,-0.78,0.0,<a refstr=WRIGHT_ET_AL__2011 href=https://ui.adsabs.harvard.edu/abs/2011ApJ...730...93W/abstract target=ref>Wright et al. 2011</a>,G4 V,,,,,,,,,0.85,,,0.0,-0.44,,,0.0,[Fe/H],,,,,,,,,,,,,,,,,,,,,,,,,,,,,<a refstr=STASSUN_ET_AL__2019 href=https://ui.adsabs.harvard.edu/abs/2019AJ....158..138S/abstract target=ref>TICv8</a>,05h37m02.40s,84.2599947,+20d43m44.32s,20.7289784,31.6634,0.076,-0.0757,7.68,0.03,-0.03,5.952,0.016,-0.016,7.47238,0.000351,-0.000351,2016-09-06,2011-04,2016-08-18
HD 40307 g,HD 40307,1,1,5,Radial Velocity,2013,La Silla Observatory,Published Confirmed,1,<a refstr=TUOMI_ET_AL__2013 href=https://ui.adsabs.harvard.edu/abs/2013A%26A...549A..48T/abstract target=ref> Tuomi et al. 2013 </a>,197.8,5.7,-9.0,0.0,0.6,0.034,-0.033,0.0,,,,,,,,,,,,,,,,,7.1,2.6,-2.6,0.0,0.0223,0.0082,-0.0082,0.0,,,,,,,,,7.1,2.6,-2.6,0.0,0.0223,0.0082,-0.0082,0.0,Msini,,,,,0.29,0.31,-0.29,0.0,,,,,,,,,,,,,,,,,,0.0,0.95,0.32,-0.3,0.0,<a refstr=TUOMI_ET_AL__2013 href=https://ui.adsabs.harvard.edu/abs/2013A%26A...549A..48T/abstract target=ref> Tuomi et al. 2013 </a>,K2.5 V,4956.0,50.0,-50.0,0.0,,,,,0.77,0.05,-0.05,0.0,-0.31,0.03,-0.03,0.0,[Fe/H],-0.639,0.06,-0.06,0.0,4.47,0.16,-0.16,0.0,4.5,,,0.0,,,,,1.0,,,1.0,,,,,,,,,<a refstr=STASSUN_ET_AL__2019 href=https://ui.adsabs.harvard.edu/abs/2019AJ....158..138S/abstract target=ref>TICv8</a>,05h54m04.13s,88.5172191,-60d01m25.42s,-60.0237289,12.9363,0.0047,-0.0046,7.17,0.03,-0.03,4.793,0.016,-0.016,6.84367,0.00026,-0.00026,2014-05-14,2013-01,2014-05-14
HD 42618 b,HD 42618,1,1,1,Radial Velocity,2016,Multiple Observatories,Published Confirmed,0,<a refstr=FULTON_ET_AL__2016 href=https://ui.adsabs.harvard.edu/abs/2016ApJ...830...46F/abstract target=ref>Fulton et al. 2016</a>,149.61,0.37,-0.34,0.0,0.554,0.011,-0.011,0.0,,,,,,,,,,,,,,,,,14.4,2.5,-2.4,0.0,0.04531,0.00787,-0.00755,0.0,,,,,,,,,14.4,2.5,-2.4,0.0,0.04531,0.00787,-0.00755,0.0,Msini,,,,,0.19,0.15,-0.12,0.0,3.16,0.61,-0.55,0.0,337.0,15.0,-16.0,0.0,,,,,,,,,,0.0,1.89,0.29,-0.28,0.0,<a refstr=FULTON_ET_AL__2016 href=https://ui.adsabs.harvard.edu/abs/2016ApJ...830...46F/abstract target=ref>Fulton et al. 2016</a>,G4 V,5727.0,60.0,-60.0,0.0,1.0,0.09,-0.09,0.0,1.01,0.06,-0.06,0.0,-0.09,0.04,-0.04,0.0,[Fe/H],-0.009,0.069,-0.083,0.0,4.44,0.07,-0.07,0.0,,,,,,,,,2.0,,,1.0,,,,,,,,,<a refstr=STASSUN_ET_AL__2019 href=https://ui.adsabs.harvard.edu/abs/2019AJ....158..138S/abstract target=ref>TICv8</a>,06h12m00.77s,93.0032173,+06d46m55.11s,6.7819742,24.3358,0.0249,-0.0247,6.87,0.023,-0.023,5.301,0.02,-0.02,6.68303,0.000318,-0.000318,2016-10-26,2016-10,2016-10-27
HD 45364 b,HD 45364,1,1,2,Radial Velocity,2008,La Silla Observatory,Published Confirmed,0,<a refstr=LI_ET_AL__2022 href=https://ui.adsabs.harvard.edu/abs/2022AJ....164..163L/abstract target=ref>Li et al. 2022</a>,225.79,0.81,-0.76,0.0,0.6793,0.0016,-0.0015,0.0,,,,,,,,,,,,,,,,,60.16492,1.97054,-2.00232,0.0,0.1893,0.0062,-0.0063,0.0,,,,,,,,,60.16492,1.97054,-2.00232,0.0,0.1893,0.0062,-0.0063,0.0,Msini,,,,,0.067,0.016,-0.016,0.0,,,,,,,,,,,,,,,,,BJD,0.0,7.23,0.24,-0.24,0.0,<a refstr=LI_ET_AL__2022 href=https://ui.adsabs.harvard.edu/abs/2022AJ....164..163L/abstract target=ref>Li et al. 2022</a>,K0 V,5466.0,59.0,-32.0,0.0,0.89,0.01,-0.02,0.0,0.82,0.05,-0.05,0.0,,,,,,-0.196,0.001,-0.001,0.0,,,,,,,,,,,,,,,,,,,,,,,,,<a refstr=STASSUN_ET_AL__2019 href=https://ui.adsabs.harvard.edu/abs/2019AJ....158..138S/abstract target=ref>TICv8</a>,06h25m38.54s,96.4105736,-31d28m51.61s,-31.4810037,34.354,0.0376,-0.0375,8.08,0.03,-0.03,6.316,0.018,-0.018,7.88016,0.00029,-0.00029,2022-12-05,2022-10,2022-12-05
HD 45364 c,HD 45364,1,1,2,Radial Velocity,2008,La Silla Observatory,Published Confirmed,0,<a refstr=LI_ET_AL__2022 href=https://ui.adsabs.harvard.edu/abs/2022AJ....164..163L/abstract target=ref>Li et al. 2022</a>,345.43,0.54,-0.57,0.0,0.902,0.001,-0.001,0.0,,,,,,,,,,,,,,,,,174.4878,2.38371,-2.35193,0.0,0.549,0.0075,-0.0074,0.0,,,,,,,,,174.4878,2.38371,-2.35193,0.0,0.549,0.0075,-0.0074,0.0,Msini,,,,,0.019,0.011,-0.01,0.0,,,,,,,,,,,,,,,,,BJD,0.0,18.15,0.25,-0.24,0.0,<a refstr=LI_ET_AL__2022 href=https://ui.adsabs.harvard.edu/abs/2022AJ....164..163L/abstract target=ref>Li et al. 2022</a>,K0 V,5466.0,59.0,-32.0,0.0,0.89,0.01,-0.02,0.0,0.82,0.05,-0.05,0.0,,,,,,-0.196,0.001,-0.001,0.0,,,,,,,,,,,,,,,,,,,,,,,,,<a refstr=STASSUN_ET_AL__2019 href=https://ui.adsabs.harvard.edu/abs/2019AJ....158..138S/abstract target=ref>TICv8</a>,06h25m38.54s,96.4105736,-31d28m51.61s,-31.4810037,34.354,0.0376,-0.0375,8.08,0.03,-0.03,6.316,0.018,-0.018,7.88016,0.00029,-0.00029,2022-12-05,2022-10,2022-12-05
HD 52265 b,HD 52265,1,1,1,Radial Velocity,2000,W. M. Keck Observatory,Published Confirmed,0,<a refstr=WITTENMYER_ET_AL__2019 href=https://ui.adsabs.harvard.edu/abs/2019MNRAS.484.5859W/abstract target=ref>Wittenmyer et al. 2019</a>,119.27,0.02,-0.02,0.0,0.52,0.009,-0.009,0.0,,,,,,,,,,,,,,,,,384.5743,15.8915,-15.8915,0.0,1.21,0.05,-0.05,0.0,,,,,,,,,384.5743,15.8915,-15.8915,0.0,1.21,0.05,-0.05,0.0,Msini,,,,,0.27,0.02,-0.02,0.0,,,,,,,,,,,,,,,,,,0.0,42.97,0.7,-0.7,0.0,<a refstr=WITTENMYER_ET_AL__2019 href=https://ui.adsabs.harvard.edu/abs/2019MNRAS.484.5859W/abstract target=ref>Wittenmyer et al. 2019</a>,,6136.0,,,0.0,,,,,1.2,,,0.0,,,,,,,,,,4.36,,,0.0,,,,,,,,,,,,,,,,,,,,,<a refstr=STASSUN_ET_AL__2019 href=https://ui.adsabs.harvard.edu/abs/2019AJ....158..138S/abstract target=ref>TICv8</a>,07h00m17.91s,105.0746449,-05d22m00.53s,-5.3668142,29.9803,0.0424,-0.0423,6.29351,0.023,-0.023,4.953,0.017,-0.017,6.15257,0.0006094,-0.0006094,2019-03-11,2019-04,2019-03-14
HD 564 b,HD 564,1,1,1,Radial Velocity,2014,La Silla Observatory,Published Confirmed,0,<a refstr=MOUTOU_ET_AL__2015 href=https://ui.adsabs.harvard.edu/abs/2015A&A...576A..48M/abstract target=ref>Moutou et al. 2015</a>,492.3,2.3,-2.3,0.0,1.2,0.02,-0.02,0.0,,,,,,,,,,,,,,,,,104.88,9.54,-9.54,0.0,0.33,0.03,-0.03,0.0,,,,,,,,,104.88,9.54,-9.54,0.0,0.33,0.03,-0.03,0.0,Msini,,,,,0.096,0.067,-0.067,0.0,,,,,,,,,,,,,,,,,,0.0,8.79,0.45,-0.45,0.0,<a refstr=MOUTOU_ET_AL__2015 href=https://ui.adsabs.harvard.edu/abs/2015A&A...576A..48M/abstract target=ref>Moutou et al. 2015</a>,G2/G3 V,5902.0,61.0,-61.0,0.0,1.01,0.05,-0.05,0.0,0.96,0.05,-0.05,0.0,-0.2,0.05,-0.05,0.0,[Fe/H],,,,,4.53,0.1,-0.1,0.0,5.5,3.1,-3.1,0.0,,,,,2.0,,,1.0,,,,,11.46,0.38,-0.38,0.0,<a refstr=STASSUN_ET_AL__2019 href=https://ui.adsabs.harvard.edu/abs/2019AJ....158..138S/abstract target=ref>TICv8</a>,00h09m52.67s,2.4694459,-50d16m04.44s,-50.2678998,51.1659,0.0941,-0.0937,8.32,0.03,-0.03,6.893,0.021,-0.021,8.17077,0.000284,-0.000284,2015-01-08,2015-04,2015-01-08
HD 63765 b,HD 63765,1,1,1,Radial Velocity,2009,La Silla Observatory,Published Confirmed,0,<a refstr=STASSUN_ET_AL__2017 href=https://ui.adsabs.harvard.edu/abs/2017AJ....153..136S/abstract target=ref>Stassun et al. 2017</a>,358.0,1.0,-1.0,0.0,0.94,0.02,-0.02,0.0,,,,,,,,,,,,,,,,,168.4499,9.5349,-9.5349,0.0,0.53,0.03,-0.03,0.0,,,,,,,,,168.4499,9.5349,-9.5349,0.0,0.53,0.03,-0.03,0.0,Msini,,,,,0.24,0.04,-0.04,0.0,,,,,,,,,,,,,,,,,,0.0,20.9,1.3,-1.3,0.0,<a refstr=STASSUN_ET_AL__2017 href=https://ui.adsabs.harvard.edu/abs/2017AJ....153..136S/abstract target=ref>Stassun et al. 2017</a>,,5449.0,11.0,-11.0,0.0,0.83,0.01,-0.01,0.0,0.65,0.01,-0.01,0.0,-0.16,,,0.0,[Fe/H],,,,,4.41,0.0,0.0,0.0,,,,,,,,,,,,,,,,,,,,,<a refstr=STASSUN_ET_AL__2019 href=https://ui.adsabs.harvard.edu/abs/2019AJ....158..138S/abstract target=ref>TICv8</a>,07h47m49.98s,116.9582617,-54d15m55.24s,-54.265345,32.5376,0.0328,-0.0328,8.1,0.03,-0.03,6.316,0.021,-0.021,7.90983,0.00029,-0.00029,2018-09-04,2017-03,2018-09-06
HD 69830 d,HD 69830,1,1,3,Radial Velocity,2006,La Silla Observatory,Published Confirmed,0,<a refstr=LOVIS_ET_AL__2006 href=https://ui.adsabs.harvard.edu/abs/2006Natur.441..305L/abstract target=ref> Lovis et al. 2006 </a>,197.0,3.0,-3.0,0.0,0.63,,,0.0,,,,,,,,,,,,,,,,,18.1,,,0.0,0.057,,,0.0,,,,,,,,,18.1,,,0.0,0.057,,,0.0,Msini,,,,,0.07,0.07,-0.07,0.0,,,,,,,,,,,,,,,,,,0.0,2.2,0.19,-0.19,0.0,<a refstr=LOVIS_ET_AL__2006 href=https://ui.adsabs.harvard.edu/abs/2006Natur.441..305L/abstract target=ref> Lovis et al. 2006 </a>,,5385.0,20.0,-20.0,0.0,,,,,0.86,0.03,-0.03,0.0,-0.05,0.02,-0.02,0.0,[Fe/H],-0.22,0.02,-0.02,0.0,,,,,7.0,3.0,-3.0,0.0,,,,,1.1,0.5,-1.1,0.0,,,,,,,,,<a refstr=STASSUN_ET_AL__2019 href=https://ui.adsabs.harvard.edu/abs/2019AJ....158..138S/abstract target=ref>TICv8</a>,08h18m24.24s,124.6010091,-12d38m11.13s,-12.6364246,12.5591,0.0097,-0.0096,5.96004,0.023,-0.023,4.165,0.036,-0.036,5.75392,0.0009726,-0.0009726,2015-03-26,2006-05,2015-03-26
HD 79181 b,HD 79181,1,1,1,Radial Velocity,2021,Okayama Astrophysical Observatory,Published Confirmed,0,<a refstr=TENG_ET_AL__2021 href=https://ui.adsabs.harvard.edu/abs/2021PASJ..tmp..128T/abstract target=ref>Teng et al. 2021</a>,273.1,1.3,-0.4,0.0,0.9,0.07,-0.08,0.0,,,,,,,,,,,,,,,,,203.41018,19.0697,-50.85255,0.0,0.64,0.06,-0.16,0.0,,,,,,,,,203.41018,19.0697,-50.85255,0.0,0.64,0.06,-0.16,0.0,Msini,,,,,0.259,0.067,-0.206,0.0,,,,,,,,,,,,,,,,,JD,0.0,17.7,1.6,-2.2,0.0,<a refstr=TENG_ET_AL__2021 href=https://ui.adsabs.harvard.edu/abs/2021PASJ..tmp..128T/abstract target=ref>Teng et al. 2021</a>,G8 III,4862.0,,,0.0,11.06,0.44,-0.43,0.0,1.28,0.32,-0.28,0.0,-0.28,0.08,-0.09,0.0,[Fe/H],1.79,0.045,-0.046,0.0,2.45,0.09,-0.07,0.0,,,,,,,,,1.84,,,0.0,,,,,,,,,<a refstr=STASSUN_ET_AL__2019 href=https://ui.adsabs.harvard.edu/abs/2019AJ....158..138S/abstract target=ref>TICv8</a>,09h11m58.67s,137.9944736,-19d44m50.76s,-19.7474341,103.335,0.995,-0.995,5.72,0.03,-0.03,3.54,0.242,-0.242,5.45292,0.0021329,-0.0021329,2022-01-10,2021-12,2022-01-10
HD 82943 b,HD 82943,1,1,2,Radial Velocity,2003,La Silla Observatory,Published Confirmed,0,<a refstr=BALUEV___BEAUG_EACUTE__2014 href=https://ui.adsabs.harvard.edu/abs/2014MNRAS.439..673B/abstract target=ref> Baluev & Beaug&eacute; 2014</a>,441.47,0.35,-0.35,0.0,1.18306,0.00062,-0.00062,0.0,,,,,,,,,534.25,8.899,-8.899,0.0,1.681,0.028,-0.028,0.0,,,,,,,,,,,,,,,,,534.25,8.899,-8.899,0.0,1.681,0.028,-0.028,0.0,Mass,,,,,0.162,0.036,-0.036,0.0,,,,,,,,,90.0,,,0.0,,,,,,0.0,41.91,0.77,-0.77,0.0,<a refstr=STASSUN_ET_AL__2019 href=https://ui.adsabs.harvard.edu/abs/2019AJ....158..138S/abstract target=ref>TICv8</a>,,5935.0,124.44,-144.14,0.0,1.18,0.07,-0.05,0.0,1.08,0.12,-0.15,0.0,0.26,0.1,-0.1,0.0,[M/H],0.194,0.01,-0.015,0.0,4.33,0.09,-0.07,0.0,,,,,0.9206,0.2273,-0.1895,0.0,,,,,,,,,,,,,<a refstr=STASSUN_ET_AL__2019 href=https://ui.adsabs.harvard.edu/abs/2019AJ....158..138S/abstract target=ref>TICv8</a>,09h34m50.74s,143.7114034,-12d07m49.07s,-12.1302976,27.5902,0.0291,-0.029,6.54993,0.023,-0.023,5.105,0.018,-0.018,6.38964,0.000646,-0.000646,2014-05-14,2014-03,2014-05-14
HD 8326 b,HD 8326,1,1,1,Radial Velocity,2019,Las Campanas Observatory,Published Confirmed,0,<a refstr=FENG_ET_AL__2019 href=https://ui.adsabs.harvard.edu/abs/2019ApJS..242...25F/abstract target=ref>Feng et al. 2019</a>,158.991,1.44,-1.44,0.0,0.533,0.011,-0.011,0.0,,,,,,,,,,,,,,,,,66.6,19.6,-19.6,0.0,0.20955,0.06167,-0.06167,0.0,,,,,,,,,66.6,19.6,-19.6,0.0,0.20955,0.06167,-0.06167,0.0,Msini,,,,,0.2,0.11,-0.11,0.0,,,,,,,,,,,,,,,,,,0.0,9.36,2.72,-2.72,0.0,<a refstr=FENG_ET_AL__2019 href=https://ui.adsabs.harvard.edu/abs/2019ApJS..242...25F/abstract target=ref>Feng et al. 2019</a>,K2 V,4914.0,51.0,-32.0,0.0,,,,,0.8,0.05,-0.05,0.0,,,,,,,,,,,,,,,,,,,,,,,,,,,,,,,,,,<a refstr=STASSUN_ET_AL__2019 href=https://ui.adsabs.harvard.edu/abs/2019AJ....158..138S/abstract target=ref>TICv8</a>,01h22m07.55s,20.5314418,-26d53m38.64s,-26.8940678,30.6862,0.0442,-0.0441,8.76,0.03,-0.03,6.504,0.02,-0.02,8.47487,0.000365,-0.000365,2019-05-20,2019-06,2019-05-23
HD 99109 b,HD 99109,1,1,1,Radial Velocity,2005,W. M. Keck Observatory,Published Confirmed,0,<a refstr=STASSUN_ET_AL__2017 href=https://ui.adsabs.harvard.edu/abs/2017AJ....153..136S/abstract target=ref>Stassun et al. 2017</a>,439.29999,5.6,-5.6,0.0,1.11,0.02,-0.02,0.0,,,,,,,,,,,,,,,,,139.8452,25.4264,-25.4264,0.0,0.44,0.08,-0.08,0.0,,,,,,,,,139.8452,25.4264,-25.4264,0.0,0.44,0.08,-0.08,0.0,Msini,,,,,0.09,0.12,-0.12,0.0,,,,,,,,,,,,,,,,,,0.0,14.1,2.2,-2.2,0.0,<a refstr=STASSUN_ET_AL__2017 href=https://ui.adsabs.harvard.edu/abs/2017AJ....153..136S/abstract target=ref>Stassun et al. 2017</a>,,5282.0,32.0,-32.0,0.0,0.98,0.02,-0.02,0.0,0.76,0.1,-0.1,0.0,0.35,,,0.0,[Fe/H],,,,,4.34,0.05,-0.05,0.0,,,,,,,,,,,,,,,,,,,,,<a refstr=STASSUN_ET_AL__2019 href=https://ui.adsabs.harvard.edu/abs/2019AJ....158..138S/abstract target=ref>TICv8</a>,11h24m17.17s,171.0715576,-01d31m47.14s,-1.529761,54.7901,0.1672,-0.1662,9.1,0.03,-0.03,7.162,0.024,-0.024,8.86823,0.000201,-0.000201,2018-09-04,2017-03,2018-09-06
HIP 14810 c,HIP 14810,1,1,3,Radial Velocity,2006,W. M. Keck Observatory,Published Confirmed,0,<a refstr=MENT_ET_AL__2018 href=https://ui.adsabs.harvard.edu/abs/2018AJ....156..213M/abstract target=ref>Ment et al. 2018</a>,147.747,0.029,-0.029,0.0,0.549,0.034,-0.034,0.0,,,,,,,,,,,,,,,,,416.3573,57.2094,-57.2094,0.0,1.31,0.18,-0.18,0.0,,,,,,,,,416.3573,57.2094,-57.2094,0.0,1.31,0.18,-0.18,0.0,Msini,,,,,0.1566,0.0099,-0.0099,0.0,,,,,,,,,,,,,,,,,JD,0.0,50.91,0.45,-0.45,0.0,<a refstr=MENT_ET_AL__2018 href=https://ui.adsabs.harvard.edu/abs/2018AJ....156..213M/abstract target=ref>Ment et al. 2018</a>,G5,5544.0,,,0.0,1.07,0.08,-0.08,0.0,1.01,0.19,-0.19,0.0,0.24,,,0.0,[Fe/H],-0.01,0.06,-0.06,0.0,,,,,5.84,2.42,-2.42,0.0,,,,,,,,,,,,,,,,,<a refstr=STASSUN_ET_AL__2019 href=https://ui.adsabs.harvard.edu/abs/2019AJ....158..138S/abstract target=ref>TICv8</a>,03h11m14.23s,47.809275,+21d05m49.67s,21.0971302,50.48,0.1156,-0.1151,8.520001,0.03,-0.03,6.828,0.021,-0.021,8.33307,0.000415,-0.000415,2018-09-25,2018-11,2018-09-27
HIP 57274 d,HIP 57274,1,1,3,Radial Velocity,2011,W. M. Keck Observatory,Published Confirmed,0,<a refstr=FISCHER_ET_AL__2012 href=https://ui.adsabs.harvard.edu/abs/2012ApJ...745...21F/abstract target=ref> Fischer et al. 2012 </a>,431.7,8.5,-8.5,0.0,1.01,,,0.0,,,,,,,,,,,,,,,,,167.4,8.0,-8.0,0.0,0.5267,0.03,-0.03,0.0,,,,,,,,,167.4,8.0,-8.0,0.0,0.5267,0.03,-0.03,0.0,Msini,,,,,0.27,0.05,-0.05,0.0,,,,,,,,,,,,,,,,,,0.0,18.2,0.5,-0.5,0.0,<a refstr=FISCHER_ET_AL__2012 href=https://ui.adsabs.harvard.edu/abs/2012ApJ...745...21F/abstract target=ref> Fischer et al. 2012 </a>,K4 V,4640.0,100.0,-100.0,0.0,0.68,0.03,-0.03,0.0,0.73,0.05,-0.05,0.0,0.09,0.05,-0.05,0.0,[Fe/H],0.19,0.01,-0.01,0.0,4.71,0.1,-0.1,0.0,7.87,5.0,-5.0,0.0,,,,,0.5,0.5,-0.5,0.0,,,,,-4.7,,,0.0,<a refstr=STASSUN_ET_AL__2019 href=https://ui.adsabs.harvard.edu/abs/2019AJ....158..138S/abstract target=ref>TICv8</a>,11h44m40.93s,176.1705487,+30d57m27.53s,30.9576484,25.8618,0.0337,-0.0335,8.97,0.03,-0.03,6.286,0.021,-0.021,8.57069,0.000434,-0.000434,2015-03-26,2012-01,2015-03-26
KMT-2020-BLG-0414L b,KMT-2020-BLG-0414L,1,1,2,Microlensing,2021,KMTNet,Published Confirmed,0,<a refstr=ZANG_ET_AL__2021 href=https://ui.adsabs.harvard.edu/abs/2021RAA....21..239Z/abstract target=ref>Zang et al. 2021</a>,,,,,1.26,0.19,-0.14,0.0,,,,,,,,,0.96,0.15,-0.13,0.0,0.00302,0.00047,-0.00041,0.0,,,,,,,,,,,,,,,,,0.96,0.15,-0.13,0.0,0.00302,0.00047,-0.00041,0.0,Mass,,,,,,,,,,,,,,,,,,,,,,,,,,0.0,,,,,<a refstr=ZANG_ET_AL__2021 href=https://ui.adsabs.harvard.edu/abs/2021RAA....21..239Z/abstract target=ref>Zang et al. 2021</a>,,,,,,,,,,0.26,0.04,-0.03,0.0,,,,,,,,,,,,,,,,,,,,,,,,,,,,,,,,,,<a refstr=ZANG_ET_AL__2021 href=https://ui.adsabs.harvard.edu/abs/2021RAA....21..239Z/abstract target=ref>Zang et al. 2021</a>,18h07m39.60s,271.915,-28d29m06.8s,-28.4852222,800.0,120.0,-100.0,,,,,,,,,,2022-08-01,2021-11,2022-08-01
KOI-351 h,KOI-351,1,1,8,Transit,2013,Kepler,Published Confirmed,0,<a refstr=CABRERA_ET_AL__2014 href=https://ui.adsabs.harvard.edu/abs/2014ApJ...781...18C/abstract target=ref> Cabrera et al. 2014 </a>,331.60059,0.00037,-0.00037,0.0,1.01,0.11,-0.11,0.0,11.3,1.0,-1.0,0.0,1.008,0.089,-0.089,0.0,,,,,,,,,,,,,,,,,,,,,,,,,,,,,,,,,,,,,,,,,,,,,,,,,,89.6,1.3,-1.3,0.0,2454973.49631,0.00082,-0.00082,0.0,HJD,0.0,,,,,<a refstr=CABRERA_ET_AL__2014 href=https://ui.adsabs.harvard.edu/abs/2014ApJ...781...18C/abstract target=ref> Cabrera et al. 2014 </a>,,6080.0,260.0,-170.0,0.0,1.2,0.1,-0.1,0.0,1.2,0.1,-0.1,0.0,-0.12,0.18,-0.18,0.0,[M/H],,,,,4.4,,,0.0,,,,,,,,,4.6,2.1,-2.1,0.0,,,,,,,,,<a refstr=STASSUN_ET_AL__2019 href=https://ui.adsabs.harvard.edu/abs/2019AJ....158..138S/abstract target=ref>TICv8</a>,18h57m44.03s,284.4334642,+49d18m18.45s,49.3051239,848.254,10.8185,-10.8185,13.883,0.069,-0.069,12.482,0.024,-0.024,13.7397,0.000217,-0.000217,2014-05-14,2014-01,2014-05-14
Kepler-10 d,Kepler-10,1,1,3,Radial Velocity,2023,Roque de los Muchachos Observatory,Published Confirmed,0,<a refstr=BONOMO_ET_AL__2023 href=https://ui.adsabs.harvard.edu/abs/2023arXiv230405773B/abstract target=ref>Bonomo et al. 2023</a>,151.04,0.45,-0.45,0.0,0.5379,0.0044,-0.0044,0.0,,,,,,,,,,,,,,,,,12.68,2.24,-2.24,0.0,0.0399,0.00705,-0.00705,0.0,,,,,,,,,12.68,2.24,-2.24,0.0,0.0399,0.00705,-0.00705,0.0,Msini,,,,,0.26,,,1.0,,,,,,,,,,,,,2457165.4,4.7,-5.3,0.0,BJD-TDB,0.0,1.68,0.28,-0.28,0.0,<a refstr=BONOMO_ET_AL__2023 href=https://ui.adsabs.harvard.edu/abs/2023arXiv230405773B/abstract target=ref>Bonomo et al. 2023</a>,,5708.0,28.0,-28.0,0.0,1.06,0.01,-0.01,0.0,0.91,0.02,-0.02,0.0,-0.15,0.04,-0.04,0.0,[Fe/H],,,,,,,,,10.6,1.5,-1.3,0.0,,,,,,,,,,,,,,,,,<a refstr=STASSUN_ET_AL__2019 href=https://ui.adsabs.harvard.edu/abs/2019AJ....158..138S/abstract target=ref>TICv8</a>,19h02m43.03s,285.679298,+50d14m29.34s,50.2414842,185.506,0.811,-0.805,11.043,0.023,-0.023,9.496,0.021,-0.021,10.9191,0.000318,-0.000318,2023-04-17,2023-04,2023-04-17
Kepler-108 c,Kepler-108,1,2,2,Transit,2014,Kepler,Published Confirmed,0,<a refstr=ROWE_ET_AL__2014 href=https://ui.adsabs.harvard.edu/abs/2014ApJ...784...45R/abstract target=ref> Rowe et al. 2014</a>,190.323494,0.000988,-0.000988,0.0,0.721,,,0.0,8.18,0.51,-0.51,0.0,0.73,0.045,-0.045,0.0,,,,,,,,,,,,,,,,,,,,,,,,,,,,,,,,,,,,,,,,,,,,,,,,,,,,,,2455145.67323,0.00255,-0.00255,0.0,BJD,1.0,,,,,<a refstr=ROWE_ET_AL__2014 href=https://ui.adsabs.harvard.edu/abs/2014ApJ...784...45R/abstract target=ref> Rowe et al. 2014</a>,,5854.0,92.0,-92.0,0.0,2.19,0.12,-0.12,0.0,,,,,,,,,,,,,,3.9,0.08,-0.08,0.0,,,,,,,,,,,,,,,,,,,,,<a refstr=STASSUN_ET_AL__2019 href=https://ui.adsabs.harvard.edu/abs/2019AJ....158..138S/abstract target=ref>TICv8</a>,19h38m14.16s,294.5589885,+46d03m44.62s,46.0623952,338.732,,,12.657,0.069,-0.069,10.983,0.017,-0.017,13.0843,0.015753,-0.015753,2014-05-14,2014-03,2014-05-14
Kepler-139 c,Kepler-139,1,1,2,Transit,2014,Kepler,Published Confirmed,0,<a refstr=ROWE_ET_AL__2014 href=https://ui.adsabs.harvard.edu/abs/2014ApJ...784...45R/abstract target=ref> Rowe et al. 2014</a>,157.072878,0.00172,-0.00172,0.0,0.586,,,0.0,3.38,0.69,-0.69,0.0,0.302,0.062,-0.062,0.0,,,,,,,,,,,,,,,,,,,,,,,,,,,,,,,,,,,,,,,,,,,,,,,,,,,,,,2455314.26266,0.0044,-0.0044,0.0,BJD,1.0,,,,,<a refstr=ROWE_ET_AL__2014 href=https://ui.adsabs.harvard.edu/abs/2014ApJ...784...45R/abstract target=ref> Rowe et al. 2014</a>,,5594.0,100.0,-100.0,0.0,1.3,0.25,-0.25,0.0,,,,,,,,,,,,,,4.25,0.15,-0.15,0.0,,,,,,,,,,,,,,,,,,,,,<a refstr=STASSUN_ET_AL__2019 href=https://ui.adsabs.harvard.edu/abs/2019AJ....158..138S/abstract target=ref>TICv8</a>,18h49m34.07s,282.3919451,+43d53m21.90s,43.8894167,391.038,4.238,-4.149,12.775,0.092,-0.092,11.167,0.016,-0.016,12.677,0.000184,-0.000184,2014-05-14,2014-03,2014-05-14
Kepler-150 f,Kepler-150,1,1,5,Transit,2017,Kepler,Published Confirmed,0,<a refstr=SCHMITT_ET_AL__2017 href=https://ui.adsabs.harvard.edu/abs/2017AJ....153..180S/abstract target=ref>Schmitt et al. 2017</a>,637.2093,0.0169,-0.0154,0.0,1.24,0.29,-0.45,0.0,3.64,0.52,-0.39,0.0,0.325,0.046,-0.035,0.0,,,,,,,,,,,,,,,,,,,,,,,,,,,,,,,,,,,,,,,,,,,,,,,,,,90.0,0.19,-0.19,0.0,2455979.2422,0.0082,-0.0077,0.0,BJD,0.0,,,,,<a refstr=STASSUN_ET_AL__2019 href=https://ui.adsabs.harvard.edu/abs/2019AJ....158..138S/abstract target=ref>TICv8</a>,,5528.0,122.0,-122.0,0.0,0.91,,,0.0,0.97,,,0.0,,,,,,-0.161,,,0.0,4.51,,,0.0,,,,,1.8429,,,0.0,,,,,,,,,,,,,<a refstr=STASSUN_ET_AL__2019 href=https://ui.adsabs.harvard.edu/abs/2019AJ....158..138S/abstract target=ref>TICv8</a>,19h12m56.18s,288.2341025,+40d31m15.23s,40.520897,891.092,17.021,-16.404,15.161,0.252,-0.252,13.367,0.032,-0.032,14.9743,0.000572,-0.000572,2017-04-11,2017-04,2017-04-13
Kepler-16 b,Kepler-16,1,2,1,Transit,2011,Kepler,Published Confirmed,0,<a refstr=DOYLE_ET_AL__2011 href=https://ui.adsabs.harvard.edu/abs/2011Sci...333.1602D/abstract target=ref> Doyle et al. 2011 </a>,228.776,0.02,-0.037,0.0,0.7048,0.0011,-0.0011,0.0,8.449,0.029,-0.029,0.0,0.754,0.003,-0.003,0.0,105.833,5.085,-5.085,0.0,0.333,0.016,-0.016,0.0,,,,,,,,,,,,,,,,,105.833,5.085,-5.085,0.0,0.333,0.016,-0.016,0.0,Mass,0.964,0.047,-0.046,0.0,0.0069,0.001,-0.0015,0.0,,,,,,,,,90.032,0.002,-0.002,0.0,2455212.12316,,,0.0,BJD,1.0,,,,,<a refstr=DOYLE_ET_AL__2011 href=https://ui.adsabs.harvard.edu/abs/2011Sci...333.1602D/abstract target=ref> Doyle et al. 2011 </a>,,4450.0,150.0,-150.0,0.0,0.65,0.0,0.0,0.0,0.69,0.0,0.0,0.0,-0.3,0.2,-0.2,0.0,[m/H],,,,,4.65,0.0,0.0,0.0,,,,,3.563,0.017,-0.016,0.0,,,,,,,,,,,,,<a refstr=STASSUN_ET_AL__2019 href=https://ui.adsabs.harvard.edu/abs/2019AJ....158..138S/abstract target=ref>TICv8</a>,19h16m18.20s,289.0758307,+51d45m26.02s,51.757229,75.0852,0.1541,-0.1536,12.144,0.057,-0.057,8.996,0.022,-0.022,11.7472,0.000348,-0.000348,2014-05-14,2011-09,2014-05-14
Kepler-1661 b,Kepler-1661,1,2,1,Transit,2020,Kepler,Published Confirmed,0,<a refstr=SOCIA_ET_AL__2020 href=https://ui.adsabs.harvard.edu/abs/2020AJ....159...94S/abstract target=ref>Socia et al. 2020</a>,175.06,0.06,-0.06,0.0,0.633,0.005,-0.005,0.0,3.87,0.06,-0.06,0.0,0.345,0.005,-0.005,0.0,17.0,12.0,-12.0,0.0,0.05349,0.03776,-0.03776,0.0,,,,,,,,,,,,,,,,,17.0,12.0,-12.0,0.0,0.05349,0.03776,-0.03776,0.0,Mass,1.6,1.1,-1.1,0.0,0.057,0.005,-0.005,0.0,0.88,,,0.0,243.0,,,0.0,89.46,0.02,-0.02,0.0,2456007.1,0.4,-0.4,0.0,BJD,0.0,,,,,<a refstr=SOCIA_ET_AL__2020 href=https://ui.adsabs.harvard.edu/abs/2020AJ....159...94S/abstract target=ref>Socia et al. 2020</a>,K,5100.0,100.0,-100.0,0.0,0.76,0.01,-0.01,0.0,0.84,0.02,-0.02,0.0,-0.12,0.1,-0.1,0.0,[M/H],,,,,4.66,0.1,-0.1,0.0,2.0,1.0,-1.0,0.0,,,,,2.5,0.5,-0.5,0.0,24.44,0.08,-0.08,0.0,,,,,<a refstr=STASSUN_ET_AL__2019 href=https://ui.adsabs.harvard.edu/abs/2019AJ....158..138S/abstract target=ref>TICv8</a>,19h00m40.10s,285.1670927,+41d58m00.98s,41.9669383,410.607,2.8825,-2.8825,14.357,0.092,-0.092,12.162,0.02,-0.02,14.1933,0.000321,-0.000321,2020-02-21,2020-03,2020-02-27
Kepler-174 d,Kepler-174,1,1,3,Transit,2014,Kepler,Published Confirmed,0,<a refstr=ROWE_ET_AL__2014 href=https://ui.adsabs.harvard.edu/abs/2014ApJ...784...45R/abstract target=ref> Rowe et al. 2014</a>,247.35373,0.002001,-0.002001,0.0,0.677,,,0.0,2.19,0.13,-0.13,0.0,0.195,0.012,-0.012,0.0,,,,,,,,,,,,,,,,,,,,,,,,,,,,,,,,,,,,,,,,,,,,,,,,,,,,,,2455197.15875,0.00346,-0.00346,0.0,BJD,0.0,,,,,<a refstr=ROWE_ET_AL__2014 href=https://ui.adsabs.harvard.edu/abs/2014ApJ...784...45R/abstract target=ref> Rowe et al. 2014</a>,,4880.0,126.0,-126.0,0.0,0.62,0.03,-0.03,0.0,,,,,,,,,,,,,,4.68,0.15,-0.15,0.0,,,,,,,,,,,,,,,,,,,,,<a refstr=STASSUN_ET_AL__2019 href=https://ui.adsabs.harvard.edu/abs/2019AJ....158..138S/abstract target=ref>TICv8</a>,19h09m45.35s,287.4389454,+43d49m55.22s,43.8320052,384.757,2.684,-2.684,14.53,0.057,-0.057,12.184,0.018,-0.018,14.2858,0.000242,-0.000242,2014-05-14,2014-03,2014-05-14
Kepler-421 b,Kepler-421,1,1,1,Transit,2014,Kepler,Published Confirmed,0,<a refstr=KIPPING_ET_AL__2014 href=https://ui.adsabs.harvard.edu/abs/2014ApJ...795...25K/abstract target=ref>Kipping et al. 2014</a>,704.1984,0.0016,-0.0016,0.0,1.219,0.089,-0.089,0.0,4.16,0.19,-0.16,0.0,0.371,0.017,-0.014,0.0,,,,,,,,,,,,,,,,,,,,,,,,,,,,,,,,,,,,,,0.041,0.095,-0.034,0.0,,,,,185.0,9.0,-5.0,0.0,89.965,0.024,-0.031,0.0,2455325.7674,0.0012,-0.0012,0.0,BJD-UTC,0.0,,,,,<a refstr=KIPPING_ET_AL__2014 href=https://ui.adsabs.harvard.edu/abs/2014ApJ...795...25K/abstract target=ref>Kipping et al. 2014</a>,G9/K0,5308.0,50.0,-50.0,0.0,0.76,0.03,-0.03,0.0,0.79,0.03,-0.03,0.0,-0.25,0.08,-0.08,0.0,[Fe/H],-0.398,0.061,-0.071,0.0,4.61,0.1,-0.1,0.0,4.0,0.8,-0.8,0.0,1.58,0.22,-0.37,0.0,0.0,0.5,-0.5,0.0,,,,,,,,,<a refstr=STASSUN_ET_AL__2019 href=https://ui.adsabs.harvard.edu/abs/2019AJ....158..138S/abstract target=ref>TICv8</a>,18h53m01.63s,283.2568116,+45d05m15.66s,45.0876823,348.558,2.039,-2.015,13.611,0.08,-0.08,11.535,0.017,-0.017,13.3477,0.000412,-0.000412,2014-07-23,2014-07,2014-07-23
Kepler-441 b,Kepler-441,1,1,1,Transit,2015,Kepler,Published Confirmed,0,<a refstr=TORRES_ET_AL__2015 href=https://ui.adsabs.harvard.edu/abs/2015ApJ...800...99T/abstract target=ref>Torres et al. 2015</a>,207.2482,0.0022,-0.002,0.0,0.64,0.32,-0.13,0.0,1.64,0.22,-0.24,0.0,0.15,0.02,-0.02,0.0,,,,,,,,,,,,,,,,,,,,,,,,,,,,,,,,,,,,,,0.1,0.11,-0.1,-1.0,0.21,0.11,-0.11,0.0,,,,,89.97,0.03,-0.07,0.0,2455667.7764,0.004,-0.0065,0.0,BJD-UTC,0.0,,,,,<a refstr=TORRES_ET_AL__2015 href=https://ui.adsabs.harvard.edu/abs/2015ApJ...800...99T/abstract target=ref>Torres et al. 2015</a>,,4340.0,177.0,-177.0,0.0,0.55,0.04,-0.05,0.0,0.57,0.05,-0.05,0.0,-0.57,0.18,-0.18,0.0,[Fe/H],-1.051,0.154,-0.15,0.0,4.71,0.05,-0.02,0.0,1.9,0.5,-0.4,0.0,4.94,1.03,-0.66,0.0,,,,,,,,,,,,,<a refstr=STASSUN_ET_AL__2019 href=https://ui.adsabs.harvard.edu/abs/2019AJ....158..138S/abstract target=ref>TICv8</a>,18h58m16.07s,284.566954,+49d00m45.75s,49.0127077,268.003,1.8075,-1.8075,15.567,0.16,-0.16,12.288,0.024,-0.024,15.135,0.000409,-0.000409,2015-01-06,2015-02,2015-01-06
Kepler-452 b,Kepler-452,1,1,1,Transit,2015,Kepler,Published Confirmed,1,<a refstr=JENKINS_ET_AL__2015 href=https://ui.adsabs.harvard.edu/abs/2015AJ....150...56J/abstract target=ref>Jenkins et al. 2015</a>,384.843,0.007,-0.012,0.0,1.046,0.019,-0.015,0.0,1.63,0.23,-0.2,0.0,0.145,0.021,-0.018,0.0,,,,,,,,,,,,,,,,,,,,,,,,,,,,,,,,,,,,,,,,,,1.1,0.29,-0.22,0.0,265.0,15.0,-13.0,0.0,89.806,0.134,-0.049,0.0,2455147.985,0.015,-0.019,0.0,BJD,0.0,,,,,<a refstr=JENKINS_ET_AL__2015 href=https://ui.adsabs.harvard.edu/abs/2015AJ....150...56J/abstract target=ref>Jenkins et al. 2015</a>,G2,5757.0,85.0,-85.0,0.0,1.11,0.15,-0.09,0.0,1.04,0.05,-0.05,0.0,0.21,0.09,-0.09,0.0,[Fe/H],,,,,4.32,0.09,-0.09,0.0,6.0,2.0,-2.0,0.0,0.84,0.4,-0.19,0.0,,,,,,,,,,,,,<a refstr=STASSUN_ET_AL__2019 href=https://ui.adsabs.harvard.edu/abs/2019AJ....158..138S/abstract target=ref>TICv8</a>,19h44m00.90s,296.003752,+44d16m39.31s,44.2775861,551.727,5.236,-5.141,13.54,0.08,-0.08,11.852,0.016,-0.016,13.4048,0.000235,-0.000235,2015-07-21,2015-08,2015-07-23
Kepler-453 b,Kepler-453,1,2,1,Transit,2015,Kepler,Published Confirmed,0,<a refstr=WELSH_ET_AL__2015 href=https://ui.adsabs.harvard.edu/abs/2015ApJ...809...26W/abstract target=ref>Welsh et al. 2015</a>,240.503,0.053,-0.053,0.0,0.7903,0.0028,-0.0028,0.0,6.204,0.039,-0.039,0.0,0.553,0.003,-0.003,0.0,16.0,,,1.0,0.05034,,,1.0,,,,,,,,,,,,,,,,,16.0,,,1.0,0.05034,,,1.0,Mass,,,,,0.0359,0.0088,-0.0088,0.0,,,,,,,,,89.443,0.009,-0.009,0.0,,,,,,0.0,,,,,<a refstr=WELSH_ET_AL__2015 href=https://ui.adsabs.harvard.edu/abs/2015ApJ...809...26W/abstract target=ref>Welsh et al. 2015</a>,,5527.0,100.0,-100.0,0.0,0.83,0.01,-0.01,0.0,0.94,0.01,-0.01,0.0,0.09,0.1,-0.1,0.0,[m/H],,,,,4.57,0.01,-0.01,0.0,2.49,0.38,-0.38,1.0,,,,,1.9,1.0,-1.0,0.0,,,,,,,,,<a refstr=STASSUN_ET_AL__2019 href=https://ui.adsabs.harvard.edu/abs/2019AJ....158..138S/abstract target=ref>TICv8</a>,18h52m57.92s,283.2413322,+46d22m42.49s,46.3784691,442.846,2.7245,-2.7245,13.672,0.092,-0.092,11.92,0.02,-0.02,13.5227,0.000223,-0.000223,2018-03-14,2015-08,2018-03-15
Kepler-47 c,Kepler-47,1,2,3,Transit,2012,Kepler,Published Confirmed,0,<a refstr=OROSZ_ET_AL__2019 href=https://ui.adsabs.harvard.edu/abs/2019AJ....157..174O/abstract target=ref>Orosz et al. 2019</a>,303.227,0.062,-0.027,0.0,0.9638,0.0041,-0.0044,0.0,4.65,0.09,-0.07,0.0,0.415,0.008,-0.006,0.0,3.17,2.18,-1.25,0.0,0.00997,0.00686,-0.00393,0.0,,,,,,,,,,,,,,,,,3.17,2.18,-1.25,0.0,0.00997,0.00686,-0.00393,0.0,Mass,0.17,0.09,-0.07,0.0,0.044,0.029,-0.019,0.0,,,,,,,,,90.192,0.005,-0.004,0.0,2454944.362,0.067,-0.046,0.0,BJD,1.0,,,,,<a refstr=OROSZ_ET_AL__2019 href=https://ui.adsabs.harvard.edu/abs/2019AJ....157..174O/abstract target=ref>Orosz et al. 2019</a>,,,,,,0.94,0.01,-0.01,0.0,0.96,0.01,-0.01,0.0,,,,,,,,,,,,,,,,,,1.65,0.02,-0.01,0.0,,,,,,,,,,,,,<a refstr=STASSUN_ET_AL__2019 href=https://ui.adsabs.harvard.edu/abs/2019AJ....158..138S/abstract target=ref>TICv8</a>,19h41m11.49s,295.2978883,+46d55m13.55s,46.9204303,1025.02,30.6445,-30.6445,15.31,0.115,-0.115,13.535,0.041,-0.041,15.1626,0.00069,-0.00069,2019-04-22,2019-05,2019-04-25
Kepler-62 f,Kepler-62,1,1,5,Transit,2013,Kepler,Published Confirmed,0,<a refstr=BORUCKI_ET_AL__2013 href=https://ui.adsabs.harvard.edu/abs/2013Sci...340..587B/abstract target=ref> Borucki et al. 2013 </a>,267.291,0.005,-0.005,0.0,0.718,0.007,-0.007,0.0,1.41,0.07,-0.07,0.0,0.126,0.006,-0.006,0.0,35.0,,,1.0,0.11,,,1.0,,,,,,,,,,,,,,,,,35.0,,,1.0,0.11,,,1.0,Mass,,,,,,,,,,,,,208.0,11.0,-11.0,0.0,89.9,0.03,-0.03,0.0,2455422.71,0.006,-0.006,0.0,BJD,0.0,,,,,<a refstr=BORUCKI_ET_AL__2013 href=https://ui.adsabs.harvard.edu/abs/2013Sci...340..587B/abstract target=ref> Borucki et al. 2013 </a>,K2 V,4925.0,70.0,-70.0,0.0,0.64,0.02,-0.02,0.0,0.69,0.02,-0.02,0.0,-0.37,0.04,-0.04,0.0,[Fe/H],-0.678,0.04,-0.043,0.0,4.68,0.04,-0.04,0.0,7.0,4.0,-4.0,0.0,3.8,0.3,-0.3,0.0,0.4,0.5,-0.5,0.0,,,,,,,,,<a refstr=STASSUN_ET_AL__2019 href=https://ui.adsabs.harvard.edu/abs/2019AJ....158..138S/abstract target=ref>TICv8</a>,18h52m51.01s,283.2125621,+45d20m58.92s,45.3496992,300.874,1.219,-1.219,13.965,0.092,-0.092,11.659,0.021,-0.021,13.7197,0.000208,-0.000208,2014-05-14,2013-05,2014-05-14
MOA-2010-BLG-328L b,MOA-2010-BLG-328L,1,1,1,Microlensing,2013,MOA,Published Confirmed,0,<a refstr=FURUSAWA_ET_AL__2013 href=https://ui.adsabs.harvard.edu/abs/2013ApJ...779...91F/abstract target=ref>Furusawa et al. 2013</a>,,,,,0.92,0.16,-0.16,0.0,,,,,,,,,9.2,2.2,-2.2,0.0,0.029,0.007,-0.007,0.0,,,,,,,,,,,,,,,,,9.2,2.2,-2.2,0.0,0.029,0.007,-0.007,0.0,Mass,,,,,,,,,,,,,,,,,,,,,,,,,,0.0,,,,,<a refstr=FURUSAWA_ET_AL__2013 href=https://ui.adsabs.harvard.edu/abs/2013ApJ...779...91F/abstract target=ref>Furusawa et al. 2013</a>,,,,,,,,,,0.11,0.01,-0.01,0.0,,,,,,,,,,,,,,,,,,,,,,,,,,,,,,,,,,<a refstr=FURUSAWA_ET_AL__2013 href=https://ui.adsabs.harvard.edu/abs/2013ApJ...779...91F/abstract target=ref>Furusawa et al. 2013</a>,17h57m59.12s,269.496333,-30d42m54.63s,-30.715175,810.0,100.0,-100.0,,,,18.76,0.36,-0.36,,,,2019-12-05,2013-12,2015-06-04
MOA-2013-BLG-605L b,MOA-2013-BLG-605L,1,1,1,Microlensing,2016,MOA,Published Confirmed,0,<a refstr=SUMI_ET_AL__2016 href=https://ui.adsabs.harvard.edu/abs/2016ApJ...825..112S/abstract target=ref>Sumi et al. 2016</a>,,,,,0.93,0.08,-0.08,0.0,,,,,,,,,3.24,0.38,-0.3,0.0,0.0102,0.0012,-0.0009,0.0,,,,,,,,,,,,,,,,,3.24,0.38,-0.3,0.0,0.0102,0.0012,-0.0009,0.0,Mass,,,,,,,,,,,,,,,,,,,,,,,,,,0.0,,,,,<a refstr=SUMI_ET_AL__2016 href=https://ui.adsabs.harvard.edu/abs/2016ApJ...825..112S/abstract target=ref>Sumi et al. 2016</a>,,,,,,,,,,0.02,0.0,0.0,0.0,,,,,,,,,,,,,,,,,,,,,,,,,,,,,,,,,,<a refstr=SUMI_ET_AL__2016 href=https://ui.adsabs.harvard.edu/abs/2016ApJ...825..112S/abstract target=ref>Sumi et al. 2016</a>,17h58m42.85s,272.019257,-29d23m53.66s,-29.7315826,850.0,80.0,-80.0,,,,,,,,,,2019-12-05,2016-07,2016-05-19
OGLE-2017-BLG-1434L b,OGLE-2017-BLG-1434L,1,1,1,Microlensing,2018,OGLE,Published Confirmed,0,<a refstr=BLACKMAN_ET_AL__2021 href=https://ui.adsabs.harvard.edu/abs/2021AJ....161..279B/abstract target=ref>Blackman et al. 2021</a>,,,,,1.18,0.1,-0.1,0.0,,,,,,,,,4.43,0.25,-0.25,0.0,0.01394,0.00079,-0.00079,0.0,,,,,,,,,,,,,,,,,4.43,0.25,-0.25,0.0,0.01394,0.00079,-0.00079,0.0,Mass,,,,,,,,,,,,,,,,,,,,,,,,,,0.0,,,,,<a refstr=BLACKMAN_ET_AL__2021 href=https://ui.adsabs.harvard.edu/abs/2021AJ....161..279B/abstract target=ref>Blackman et al. 2021</a>,,,,,,,,,,0.23,0.01,-0.01,0.0,,,,,,,,,,,,,,,,,,,,,,,,,,,,,,,,,,<a refstr=BLACKMAN_ET_AL__2021 href=https://ui.adsabs.harvard.edu/abs/2021AJ....161..279B/abstract target=ref>Blackman et al. 2021</a>,17h53m07.312s,268.2804667,-30d14m44.37s,-30.2456583,860.0,50.0,-50.0,,,,,,,,,,2021-10-04,2021-06,2021-10-04
OGLE-2018-BLG-0532L b,OGLE-2018-BLG-0532L,1,1,1,Microlensing,2020,OGLE,Published Confirmed,0,<a refstr=RYU_ET_AL__2020 href=https://ui.adsabs.harvard.edu/abs/2020AJ....160..183R/abstract target=ref>Ryu et al. 2020</a>,,,,,1.064,0.119,-0.115,0.0,,,,,,,,,6.228,0.905,-0.881,0.0,0.0196,0.00285,-0.00277,0.0,,,,,,,,,,,,,,,,,6.228,0.905,-0.881,0.0,0.0196,0.00285,-0.00277,0.0,Mass,,,,,,,,,,,,,,,,,,,,,,,,,,0.0,,,,,<a refstr=RYU_ET_AL__2020 href=https://ui.adsabs.harvard.edu/abs/2020AJ....160..183R/abstract target=ref>Ryu et al. 2020</a>,,,,,,,,,,0.2,0.02,-0.02,0.0,,,,,,,,,,,,,,,,,,,,,,,,,,,,,,,,,,<a refstr=RYU_ET_AL__2020 href=https://ui.adsabs.harvard.edu/abs/2020AJ....160..183R/abstract target=ref>Ryu et al. 2020</a>,17h59m56.02s,269.9834167,-28d59m51.9s,-28.99775,773.0,102.0,-99.0,,,,,,,,,,2022-01-24,2020-10,2022-01-24
TCP J05074264+2447555 b,TCP J05074264+2447555,1,1,1,Microlensing,2018,Multiple Observatories,Published Confirmed,0,<a refstr=FUKUI_ET_AL__2019 href=https://ui.adsabs.harvard.edu/abs/2019AJ....158..206F/abstract target=ref>Fukui et al. 2019</a>,,,,,0.94,0.09,-0.09,0.0,,,,,,,,,20.0,2.0,-2.0,0.0,0.06293,0.00629,-0.00629,0.0,,,,,,,,,,,,,,,,,20.0,2.0,-2.0,0.0,0.06293,0.00629,-0.00629,0.0,Mass,,,,,,,,,,,,,,,,,,,,,,,,,,0.0,,,,,<a refstr=FUKUI_ET_AL__2019 href=https://ui.adsabs.harvard.edu/abs/2019AJ....158..206F/abstract target=ref>Fukui et al. 2019</a>,,,,,,,,,,0.59,0.03,-0.03,0.0,,,,,,,,,,,,,,,,,,,,,,,,,,,,,,,,,,<a refstr=FUKUI_ET_AL__2019 href=https://ui.adsabs.harvard.edu/abs/2019AJ....158..206F/abstract target=ref>Fukui et al. 2019</a>,05h07m42.72s,76.928,+24d47m56.26s,24.7989611,505.0,47.0,-47.0,,,,,,,,,,2021-10-19,2019-11,2021-10-19
TOI-1338 c,TOI-1338 A,1,2,2,Radial Velocity,2023,Multiple Observatories,Published Confirmed,0,<a refstr=STANDING_ET_AL__2023 href=https://ui.adsabs.harvard.edu/abs/2023arXiv230110794S/abstract target=ref>Standing et al. 2023</a>,215.5,3.3,-3.3,0.0,0.794,0.016,-0.016,0.0,,,,,,,,,,,,,,,,,65.2,11.8,-11.8,0.0,0.205,0.037,-0.037,0.0,,,,,,,,,65.2,11.8,-11.8,0.0,0.205,0.037,-0.037,0.0,Msini,,,,,0.16,,,1.0,,,,,,,,,,,,,2459208.7,29.1,-29.1,0.0,BJD,0.0,5.6,1.0,-1.0,0.0,<a refstr=STANDING_ET_AL__2023 href=https://ui.adsabs.harvard.edu/abs/2023arXiv230110794S/abstract target=ref>Standing et al. 2023</a>,F8,6050.0,80.0,-80.0,0.0,1.34,0.05,-0.05,0.0,1.13,0.07,-0.07,0.0,,,,,,,,,,,,,,,,,,,,,,,,,,,,,,30.75,0.0,0.0,0.0,<a refstr=STASSUN_ET_AL__2019 href=https://ui.adsabs.harvard.edu/abs/2019AJ....158..138S/abstract target=ref>TICv8</a>,06h08m31.94s,92.1330955,-59d32m27.55s,-59.5409853,399.017,3.162,-3.113,11.722,0.022,-0.022,10.635,0.021,-0.021,11.8764,0.000174,-0.000174,2023-03-29,2023-01,2023-03-29
TYC 2187-512-1 b,TYC 2187-512-1,1,1,1,Radial Velocity,2022,Calar Alto Observatory,Published Confirmed,0,<a refstr=QUIRRENBACH_ET_AL__2022 href=https://ui.adsabs.harvard.edu/abs/2022arXiv220316504Q/abstract target=ref>Quirrenbach et al. 2022</a>,691.9,8.77,-8.61,0.0,1.22,0.02,-0.02,0.0,,,,,,,,,,,,,,,,,104.88337,6.35657,-6.35657,0.0,0.33,0.02,-0.02,0.0,,,,,,,,,104.88337,6.35657,-6.35657,0.0,0.33,0.02,-0.02,0.0,Msini,,,,,0.05,0.04,-0.03,0.0,,,,,,,,,,,,,,,,,BJD,0.0,12.02,0.47,-0.46,0.0,<a refstr=QUIRRENBACH_ET_AL__2022 href=https://ui.adsabs.harvard.edu/abs/2022arXiv220316504Q/abstract target=ref>Quirrenbach et al. 2022</a>,M1.0 V,3734.0,54.0,-54.0,0.0,0.49,0.01,-0.01,0.0,0.5,0.02,-0.02,0.0,0.08,0.19,-0.19,0.0,[Fe/H],-1.381,0.007,-0.007,0.0,4.68,0.06,-0.06,0.0,,,,,,,,,2.0,,,1.0,40.0,1.0,-1.0,0.0,5.35,0.02,-0.02,0.0,<a refstr=STASSUN_ET_AL__2019 href=https://ui.adsabs.harvard.edu/abs/2019AJ....158..138S/abstract target=ref>TICv8</a>,21h22m06.40s,320.5266829,+22d55m54.97s,22.9319351,15.4744,0.01165,-0.01165,10.58,0.043,-0.043,6.595,0.023,-0.023,9.77026,0.000909,-0.000909,2022-05-03,2022-03,2022-05-03
rho CrB d,rho CrB,1,1,4,Radial Velocity,2023,Lowell Observatory,Published Confirmed,0,<a refstr=BREWER_ET_AL__2023 href=https://ui.adsabs.harvard.edu/abs/2023arXiv230606888B/abstract target=ref>Brewer et al. 2023</a>,282.2,2.2,-3.7,0.0,0.827,0.011,-0.011,0.0,,,,,,,,,,,,,,,,,21.6,2.5,-2.5,0.0,0.06796,0.00787,-0.00787,0.0,,,,,,,,,21.6,2.5,-2.5,0.0,0.06796,0.00787,-0.00787,0.0,Msini,,,,,0.0,,,0.0,,,,,,,,,,,,,2455583.0,54.0,-31.0,0.0,BJD,0.0,2.2,0.14,-0.14,0.0,<a refstr=BREWER_ET_AL__2023 href=https://ui.adsabs.harvard.edu/abs/2023arXiv230606888B/abstract target=ref>Brewer et al. 2023</a>,,5817.0,24.0,-24.0,0.0,1.34,0.04,-0.04,0.0,0.95,0.01,-0.01,0.0,-0.2,0.01,-0.01,0.0,[Fe/H],0.26,0.019,-0.02,0.0,4.25,0.05,-0.05,0.0,10.2,0.5,-0.5,0.0,,,,,0.8,0.3,-0.3,0.0,,,,,,,,,<a refstr=STASSUN_ET_AL__2019 href=https://ui.adsabs.harvard.edu/abs/2019AJ....158..138S/abstract target=ref>TICv8</a>,16h01m02.42s,240.2600639,+33d18m00.67s,33.3001861,17.4671,0.0241,-0.024,5.40816,0.023,-0.023,3.857,0.036,-0.036,5.24167,0.0021744,-0.0021744,2023-07-11,2023-08,2023-07-11
tau Cet e,tau Cet,1,1,4,Radial Velocity,2017,Multiple Observatories,Published Confirmed,0,<a refstr=FENG_ET_AL__2017 href=https://ui.adsabs.harvard.edu/abs/2017AJ....154..135F/abstract target=ref>Feng et al. 2017</a>,162.87,1.08,-0.46,0.0,0.538,0.06,-0.06,0.0,,,,,,,,,,,,,,,,,3.93,0.83,-0.64,0.0,0.01237,0.00261,-0.00201,0.0,,,,,,,,,3.93,0.83,-0.64,0.0,0.01237,0.00261,-0.00201,0.0,Msini,,,,,0.18,0.18,-0.14,0.0,,,,,,,,,,,,,,,,,,0.0,0.55,0.13,-0.09,0.0,<a refstr=FENG_ET_AL__2017 href=https://ui.adsabs.harvard.edu/abs/2017AJ....154..135F/abstract target=ref>Feng et al. 2017</a>,,,,,,,,,,0.78,0.01,-0.01,0.0,,,,,,,,,,,,,,,,,,,,,,,,,,,,,,,,,,<a refstr=STASSUN_ET_AL__2019 href=https://ui.adsabs.harvard.edu/abs/2019AJ....158..138S/abstract target=ref>TICv8</a>,01h44m02.23s,26.0093029,-15d56m01.68s,-15.9337987,3.60304,0.00678,-0.00675,3.49607,0.023,-0.023,1.794,0.274,-0.274,3.24854,0.0103988,-0.0103988,2017-08-14,2017-10,2017-08-17
